Year,CreditScore,Age,Tenure,Balance,NumOfProducts,HasCrCard,IsActiveMember,EstimatedSalary,BalanceSalaryRatio,ProductDensity,EngagementProduct,AgeTenureInteraction,Geography_Germany,Geography_Spain,Gender_Male,Actual_Exited,Churn_Probability,Risk_Score,Risk_Level,Predicted_Exited
2025,585,36,7,0.0,2,1,0,94283.09,0.0,0.25,0,252,False,False,True,0,0.076846994,7.6846995,Low,0
2025,525,33,4,131023.76,2,0,0,55072.93,2.3790523029680286,0.4,0,132,True,False,True,0,0.210819,21.081902,Low,0
2025,557,40,4,0.0,2,0,1,105433.53,0.0,0.4,2,160,False,True,False,0,0.11435701,11.435701,Low,0
2025,639,34,5,139393.19,2,0,0,33950.08,4.105707093853862,0.3333333333333333,0,170,False,True,True,0,0.21544544,21.544544,Low,0
2025,640,34,3,77826.8,1,1,1,168544.85,0.4617544721510497,0.25,1,102,False,True,False,0,0.43008578,43.00858,Medium,0
2025,559,34,0,0.0,1,1,0,182988.94,0.0,1.0,0,0,False,True,True,0,0.54733086,54.733086,Medium,1
2025,595,30,9,130682.11,2,1,1,57862.88,2.258440152993543,0.2,2,270,True,False,True,0,0.08467859,8.467859,Low,0
2025,706,29,6,185544.36,1,1,0,171037.63,1.0848096713590374,0.14285714285714285,0,174,True,False,False,0,0.6358787,63.587868,High,1
2025,505,49,7,80001.23,1,0,0,135180.11,0.5918077607144963,0.125,0,343,False,False,True,0,0.8515476,85.15476,Very High,1
2025,714,40,0,0.0,2,1,0,62762.12,0.0,2.0,0,0,False,False,False,0,0.24996777,24.996777,Low,0
2025,699,54,3,111009.32,1,1,1,155905.79,0.7120236392526585,0.25,1,162,True,False,False,1,0.7833793,78.33793,High,1
2025,625,38,7,0.0,1,1,0,164804.02,0.0,0.125,0,266,False,False,False,0,0.67089283,67.08929,High,1
2025,721,35,10,0.0,2,1,0,71594.26,0.0,0.18181818181818182,0,350,False,False,True,0,0.053348538,5.3348536,Low,0
2025,727,31,10,96997.09,2,0,0,76614.04,1.2660319697020324,0.18181818181818182,0,310,False,True,False,0,0.17563882,17.563883,Low,0
2025,670,38,10,89416.99,1,0,0,144275.39,0.6197617642082672,0.09090909090909091,0,380,False,False,True,0,0.45899728,45.899727,Medium,0
2025,702,30,2,0.0,2,1,1,145537.32,0.0,0.6666666666666666,2,60,False,True,True,0,0.028564587,2.8564587,Low,0
2025,633,42,1,0.0,2,1,0,56865.62,0.0,1.0,0,42,False,False,False,0,0.23315373,23.315372,Low,0
2025,491,61,8,0.0,2,0,1,139861.53,0.0,0.2222222222222222,2,488,False,True,False,0,0.34169355,34.169353,Medium,0
2025,617,58,3,119024.75,2,1,0,35199.24,3.38136188844167,0.5,0,174,True,False,False,1,0.72175944,72.17594,High,1
2025,572,35,1,139979.07,1,1,0,185662.84,0.7539382466720499,0.5,0,35,True,False,False,0,0.6845399,68.453995,High,1
2025,551,52,1,0.0,1,0,0,63584.55,0.0,0.5,0,52,False,False,True,1,0.90991944,90.99194,Very High,1
2025,471,26,8,0.0,2,1,1,179655.87,0.0,0.2222222222222222,2,208,False,True,True,0,0.017770622,1.7770622,Low,0
2025,466,26,3,156815.71,1,1,1,137476.09,1.1406679469284664,0.25,1,78,False,False,True,0,0.13945343,13.945343,Low,0
2025,588,44,8,154409.74,1,1,0,49324.03,3.1304540514217627,0.1111111111111111,0,352,False,False,True,1,0.599735,59.973503,Medium,1
2025,778,34,7,109564.1,1,0,1,113046.81,0.9691837462397548,0.125,1,238,False,False,False,0,0.1985253,19.85253,Low,0
2025,729,34,3,152303.8,1,1,0,12128.69,12.556281322935705,0.25,0,102,False,False,True,0,0.43560317,43.560318,Medium,0
2025,776,43,4,0.0,2,0,1,162137.5,0.0,0.4,2,172,False,False,False,0,0.2014717,20.147171,Low,0
2025,664,35,1,115024.5,1,0,1,169665.79,0.6779435150508829,0.5,1,35,False,True,True,0,0.13718288,13.718287,Low,0
2025,523,36,8,158351.02,2,1,0,155304.53,1.019609668760668,0.2222222222222222,0,288,False,False,True,0,0.34037185,34.037186,Medium,0
2025,733,39,5,91538.51,1,1,1,93783.0,0.9760567900708009,0.16666666666666666,1,195,True,False,True,0,0.6006473,60.064728,High,1
2025,693,30,6,127992.25,1,1,1,50457.2,2.5365996012541077,0.14285714285714285,1,180,False,False,False,0,0.2743223,27.43223,Low,0
2025,614,46,4,0.0,1,1,0,74379.57,0.0,0.2,0,184,False,False,True,1,0.7937809,79.37809,High,1
2025,775,45,8,0.0,1,1,0,130376.68,0.0,0.1111111111111111,0,360,False,False,True,0,0.73572373,73.57237,High,1
2025,633,43,5,0.0,2,1,1,48249.88,0.0,0.3333333333333333,2,215,False,False,True,0,0.078401476,7.8401475,Low,0
2025,676,43,2,0.0,1,1,1,55119.53,0.0,0.3333333333333333,1,86,False,False,False,0,0.70147675,70.147675,High,1
2025,768,26,5,51116.26,1,1,1,70454.79,0.7255082939244597,0.16666666666666666,1,130,False,False,False,1,0.13965665,13.965665,Low,0
2025,727,29,1,146652.01,1,1,1,173486.39,0.8453179795949435,0.5,1,29,False,False,False,0,0.1889023,18.89023,Low,0
2025,629,40,6,0.0,2,1,1,139356.3,0.0,0.2857142857142857,2,240,False,False,False,0,0.15565024,15.565024,Low,0
2025,702,43,6,116121.67,1,1,0,61602.42,1.8849873919337596,0.14285714285714285,0,258,False,True,True,0,0.6040873,60.40873,High,1
2025,796,52,9,167194.36,1,1,1,62808.93,2.661909669378711,0.1,1,468,True,False,False,1,0.8614389,86.14389,Very High,1
2025,530,41,4,0.0,2,0,1,147606.71,0.0,0.4,2,164,False,True,False,0,0.12178809,12.178809,Low,0
2025,510,32,1,0.0,2,0,1,28515.17,0.0,1.0,2,32,False,False,False,0,0.14719915,14.719915,Low,0
2025,709,44,9,128601.98,1,1,0,117031.2,1.0988598009778505,0.1,0,396,False,False,True,0,0.6294911,62.94911,High,1
2025,642,40,6,129502.49,2,0,1,86099.23,1.5040899426168781,0.2857142857142857,2,240,True,False,False,1,0.306711,30.671099,Medium,0
2025,655,30,1,83173.98,2,1,1,184259.6,0.45139318986261845,1.0,2,30,True,False,False,0,0.09948995,9.948995,Low,0
2025,464,33,10,147493.7,2,1,0,100447.53,1.468351005236214,0.18181818181818182,0,330,False,False,False,0,0.32882023,32.882023,Medium,0
2025,617,61,3,113858.95,1,1,1,38129.22,2.98605541746153,0.25,1,183,False,True,True,0,0.46230307,46.23031,Medium,0
2025,655,46,7,137145.12,1,1,0,115146.4,1.1910396587330674,0.125,0,322,True,False,False,1,0.8730615,87.306145,Very High,1
2025,709,26,6,156551.63,1,0,1,4410.77,35.48499355134107,0.14285714285714285,1,156,False,False,True,0,0.107033744,10.703375,Low,0
2025,642,48,9,118317.27,4,0,0,78702.98,1.5033200354035465,0.4,0,432,False,False,True,1,0.9997947,99.97947,Very High,1
2025,741,42,9,121056.63,2,1,0,39122.58,3.0942114704226964,0.2,0,378,False,True,False,0,0.32298642,32.29864,Medium,0
2025,415,53,5,167259.44,1,1,1,22357.25,7.480882448313262,0.16666666666666666,1,265,False,True,True,0,0.45210496,45.210495,Medium,0
2025,684,30,2,0.0,2,1,0,83473.82,0.0,0.6666666666666666,0,60,False,False,True,0,0.060651414,6.065141,Low,0
2025,706,29,2,0.0,2,1,1,18255.51,0.0,0.6666666666666666,2,58,False,True,True,0,0.036559094,3.6559093,Low,0
2025,634,45,2,0.0,1,1,1,143458.31,0.0,0.3333333333333333,1,90,False,False,False,0,0.75470465,75.47047,High,1
2025,813,29,6,0.0,1,1,0,33953.87,0.0,0.14285714285714285,0,174,False,False,True,0,0.39062005,39.062004,Medium,0
2025,775,70,6,119684.88,2,1,1,74532.02,1.6057967327769624,0.2857142857142857,2,420,True,False,True,0,0.31859896,31.859896,Medium,0
2025,445,31,7,145056.59,1,1,1,175893.53,0.8246793689377379,0.125,1,217,False,False,True,0,0.21765229,21.765228,Low,0
2025,701,37,8,107798.85,1,1,0,16966.73,6.353168632457023,0.1111111111111111,0,296,False,False,True,0,0.43290293,43.290295,Medium,0
2025,752,33,4,0.0,2,1,1,39570.78,0.0,0.4,2,132,False,False,True,0,0.041820154,4.1820154,Low,0
2025,723,21,4,0.0,2,0,0,24847.02,0.0,0.4,0,84,False,False,True,0,0.028189633,2.8189633,Low,0
2025,806,34,6,0.0,2,0,0,100809.99,0.0,0.2857142857142857,0,204,False,False,True,0,0.051598813,5.159881,Low,0
2025,625,49,6,173434.9,1,1,0,165580.93,1.0474264915259774,0.14285714285714285,0,294,False,False,True,1,0.8008845,80.08845,Very High,1
2025,712,44,2,0.0,2,0,0,45738.94,0.0,0.6666666666666666,0,88,False,True,False,0,0.27212173,27.212173,Low,0
2025,571,22,3,108117.1,1,0,1,53328.7,2.027333737110841,0.25,1,66,False,True,False,0,0.12997568,12.997568,Low,0
2025,639,37,4,116121.84,2,0,1,181850.74,0.6385522624089272,0.4,2,148,False,False,False,0,0.24280334,24.280334,Low,0
2025,627,44,5,0.0,2,1,0,82969.61,0.0,0.3333333333333333,0,220,False,False,False,1,0.2965386,29.653858,Low,0
2025,630,32,4,82034.0,1,0,0,146326.45,0.5606193506413184,0.2,0,128,False,True,True,0,0.36599043,36.599045,Medium,0
2025,578,23,8,0.0,2,1,0,112124.98,0.0,0.2222222222222222,0,184,False,True,True,0,0.02907279,2.907279,Low,0
2025,679,39,6,0.0,2,1,0,12266.06,0.0,0.2857142857142857,0,234,False,True,True,0,0.095985174,9.598517,Low,0
2025,767,35,6,115576.44,1,0,1,27922.45,4.139045855723415,0.14285714285714285,1,210,False,False,False,0,0.21254732,21.254732,Low,0
2025,762,35,3,119349.69,3,1,1,47114.18,2.5331472786477733,0.75,3,105,False,True,False,1,0.9850493,98.50493,Very High,1
2025,734,39,6,0.0,1,1,1,95135.27,0.0,0.14285714285714285,1,234,False,True,True,0,0.41129458,41.12946,Medium,0
2025,659,67,6,117411.6,1,1,1,45071.09,2.604973499121075,0.14285714285714285,1,402,True,False,True,1,0.63262117,63.262115,High,1
2025,575,49,7,121205.15,4,1,1,168080.53,0.7211092735769361,0.5,4,343,True,False,True,1,0.999913,99.991295,Very High,1
2025,580,35,1,102097.33,1,0,1,168285.85,0.606686321599103,0.5,1,35,False,False,False,0,0.39288768,39.28877,Medium,0
2025,766,41,0,0.0,2,0,1,34283.23,0.0,2.0,2,0,False,True,True,0,0.1555505,15.55505,Low,0
2025,850,38,3,54901.01,1,1,1,140075.55,0.39193576655050405,0.25,1,114,True,False,True,0,0.56836194,56.836193,Medium,1
2025,749,42,1,129776.72,2,0,1,143538.51,0.9041184549118217,1.0,2,42,False,False,True,0,0.21447504,21.447504,Low,0
2025,746,48,5,165282.42,1,1,0,153786.46,1.0747457562534684,0.16666666666666666,0,240,False,False,True,1,0.77549464,77.54946,High,1
2025,718,37,8,0.0,2,1,1,142.81,0.0,0.2222222222222222,2,296,False,False,True,0,0.03876904,3.876904,Low,0
2025,642,26,8,144238.7,1,1,1,184399.76,0.782202307626064,0.1111111111111111,1,208,False,True,True,0,0.19017282,19.017282,Low,0
2025,558,33,0,108477.49,1,1,1,109096.71,0.9943150044121,1.0,1,0,False,False,True,1,0.15611625,15.611625,Low,0
2025,531,64,2,175754.87,2,1,1,60721.4,2.8943992661686626,0.6666666666666666,2,128,True,False,False,0,0.5379796,53.79796,Medium,1
2025,748,41,2,91621.69,1,1,1,71139.31,1.2879011913217697,0.3333333333333333,1,82,False,False,False,0,0.41665575,41.665573,Medium,0
2025,664,36,1,0.0,2,1,1,95372.64,0.0,1.0,2,36,False,False,True,0,0.072987065,7.2987065,Low,0
2025,511,75,9,105609.17,1,0,1,105425.18,1.001735716877914,0.1,1,675,True,False,False,0,0.68531024,68.53102,High,1
2025,635,47,2,125724.95,2,1,0,63236.97,1.9881243816017495,0.6666666666666666,0,94,False,False,False,0,0.5623081,56.23081,Medium,1
2025,571,34,1,99325.04,2,0,1,186052.15,0.5338530414561645,1.0,2,34,False,False,True,0,0.11701378,11.701378,Low,0
2025,698,57,6,136325.48,2,1,1,72549.27,1.8790485548847717,0.2857142857142857,2,342,False,False,True,1,0.30081663,30.081663,Medium,0
2025,636,76,9,126534.6,1,1,1,39789.62,3.180010766356493,0.1,1,684,False,True,True,0,0.28867942,28.867943,Low,0
2025,538,33,5,0.0,2,1,0,126962.41,0.0,0.3333333333333333,0,165,False,False,False,0,0.1762054,17.62054,Low,0
2025,738,67,1,130652.52,1,0,1,22762.23,5.739630096431833,0.5,1,67,False,False,False,0,0.6307963,63.07963,High,1
2025,662,20,9,104508.77,2,0,0,73107.53,1.429501728457678,0.2,0,180,False,True,True,0,0.05199919,5.1999187,Low,0
2025,555,44,3,105770.7,3,1,0,60533.96,1.74726637301817,0.75,0,132,False,False,False,1,0.98734665,98.734665,Very High,1
2025,531,27,8,132576.25,1,0,0,7222.92,18.352397313370027,0.1111111111111111,0,216,False,True,True,0,0.3552941,35.52941,Medium,0
2025,593,32,9,134096.53,2,1,0,53931.05,2.4863977912947863,0.2,0,288,True,False,False,1,0.24221835,24.221834,Low,0
2025,579,28,6,150329.15,1,1,0,145558.42,1.032768267419587,0.14285714285714285,0,168,True,False,True,0,0.546152,54.6152,Medium,1
2025,706,32,6,94486.47,1,1,1,146949.74,0.6429805661407354,0.14285714285714285,1,192,False,False,True,0,0.14955974,14.955974,Low,0
2025,754,28,8,0.0,2,1,1,52615.62,0.0,0.2222222222222222,2,224,False,False,True,0,0.020598723,2.0598722,Low,0
2025,653,31,9,143321.97,1,1,0,83679.46,1.712729232128982,0.1,0,279,True,False,True,0,0.5952603,59.52603,Medium,1
2025,558,26,1,148853.29,2,1,1,24411.02,6.09754088354835,1.0,2,26,True,False,True,0,0.09971646,9.971646,Low,0
2025,589,39,7,0.0,2,0,0,95985.64,0.0,0.25,0,273,False,False,False,0,0.18335769,18.335768,Low,0
2025,670,65,1,0.0,1,1,1,177655.68,0.0,0.5,1,65,False,True,False,1,0.5953257,59.53257,Medium,1
2025,714,35,6,126077.43,2,1,1,53954.24,2.3367040902792757,0.2857142857142857,2,210,True,False,False,0,0.19069828,19.069828,Low,0
2025,547,51,1,0.0,2,1,1,56908.41,0.0,1.0,2,51,False,False,False,0,0.24814339,24.814339,Low,0
2025,761,37,7,132730.17,1,1,0,199293.01,0.6660018030647283,0.125,0,259,False,True,True,0,0.44295278,44.295277,Medium,0
2025,591,24,6,147360.0,1,1,1,25310.82,5.8217860272394475,0.14285714285714285,1,144,False,False,True,0,0.12649761,12.649761,Low,0
2025,714,31,4,125169.26,1,1,1,106636.89,1.173778475924458,0.2,1,124,False,False,False,0,0.25588313,25.588312,Low,0
2025,629,35,7,156847.29,2,1,0,31824.29,4.9283852558766945,0.25,0,245,True,False,True,0,0.28207514,28.207514,Low,0
2025,643,36,7,161064.64,2,0,1,84294.82,1.9107073162109343,0.25,2,252,False,False,True,0,0.16056184,16.056185,Low,0
2025,445,38,6,119413.62,2,1,0,175756.36,0.6794231547401486,0.2857142857142857,0,228,True,False,False,0,0.43158787,43.158787,Medium,0
2025,501,34,3,107747.57,1,1,0,9249.36,11.647932621000697,0.25,0,102,False,False,False,0,0.40050498,40.0505,Medium,0
2025,686,43,5,154846.24,2,1,1,151903.6,1.01936504885303,0.3333333333333333,2,215,True,False,False,0,0.34862605,34.862606,Medium,0
2025,500,30,2,125495.64,2,1,1,68807.47,1.8238400010928886,0.6666666666666666,2,60,True,False,True,0,0.102689154,10.268915,Low,0
2025,703,39,1,141559.5,1,1,1,31257.1,4.528730153144306,0.5,1,39,True,False,True,1,0.610581,61.058098,High,1
2025,730,34,5,122453.37,2,1,0,138882.98,0.8816954266431591,0.3333333333333333,0,170,False,False,True,0,0.14510609,14.51061,Low,0
2025,433,27,2,0.0,2,1,1,153698.65,0.0,0.6666666666666666,2,54,False,True,True,0,0.034426656,3.4426656,Low,0
2025,521,41,8,120586.54,1,0,1,20491.15,5.884523585860927,0.1111111111111111,1,328,True,False,True,0,0.6466379,64.66379,High,1
2025,791,33,10,130229.71,2,0,0,54019.93,2.410726916400736,0.18181818181818182,0,330,True,False,False,1,0.2816389,28.163889,Low,0
2025,757,38,0,0.0,1,1,0,83263.06,0.0,1.0,0,0,False,False,True,0,0.35943946,35.943947,Medium,0
2025,447,44,5,89188.83,1,1,1,75408.24,1.1827307900198967,0.16666666666666666,1,220,False,False,False,0,0.6015035,60.15035,High,1
2025,792,30,1,127187.86,1,1,1,113553.42,1.1200608483579944,0.5,1,30,False,False,True,0,0.10068083,10.068083,Low,0
2025,817,59,1,118962.58,1,1,1,120819.58,0.9846218251890531,0.5,1,59,False,False,True,0,0.57600975,57.600975,Medium,1
2025,607,33,8,91301.72,1,0,1,130824.57,0.6978889524425538,0.1111111111111111,1,264,False,False,False,0,0.24446127,24.446127,Low,0
2025,601,41,1,123971.16,1,0,1,172814.99,0.7173593137996085,0.5,1,41,False,False,True,0,0.4518117,45.18117,Medium,0
2025,536,32,7,178011.5,2,1,0,22375.14,7.955415902832214,0.25,0,224,False,False,True,0,0.2465702,24.65702,Low,0
2025,554,36,3,157780.93,2,1,0,6089.13,25.907645649600255,0.5,0,108,True,False,False,0,0.32703996,32.703995,Medium,0
2025,577,60,10,125389.7,2,1,1,178616.73,0.7020002997462793,0.18181818181818182,2,600,False,False,True,0,0.2733679,27.336792,Low,0
2025,608,41,5,0.0,2,1,1,72462.25,0.0,0.3333333333333333,2,205,False,False,False,0,0.149992,14.999201,Low,0
2025,732,33,8,0.0,1,1,0,119882.7,0.0,0.1111111111111111,0,264,False,True,True,0,0.5226405,52.264053,Medium,1
2025,789,53,1,158271.74,1,1,1,5036.39,31.41939377336279,0.5,1,53,False,False,False,1,0.7394211,73.942116,High,1
2025,552,34,5,0.0,2,1,1,1351.41,0.0,0.3333333333333333,2,170,False,False,False,0,0.09940497,9.940496,Low,0
2025,621,40,10,163823.37,1,0,0,89519.47,1.8300101641557511,0.09090909090909091,0,400,False,False,True,0,0.44726738,44.726738,Medium,0
2025,766,52,7,92510.9,2,0,1,66193.61,1.397559408537946,0.25,2,364,False,False,False,0,0.43574023,43.574024,Medium,0
2025,685,43,4,97392.18,2,1,0,43956.83,2.215582070361526,0.4,0,172,False,True,True,0,0.3727412,37.27412,Medium,0
2025,649,38,8,0.0,1,1,0,103760.53,0.0,0.1111111111111111,0,304,False,True,False,0,0.71260536,71.26054,High,1
2025,493,36,2,0.0,2,0,1,99770.3,0.0,0.6666666666666666,2,72,False,False,False,0,0.15948167,15.948168,Low,0
2025,633,35,10,0.0,2,1,0,65675.47,0.0,0.18181818181818182,0,350,False,False,True,0,0.058380626,5.838063,Low,0
2025,742,33,1,137937.95,1,1,1,51387.1,2.6842391526442895,0.5,1,33,True,False,True,0,0.49472776,49.472775,Medium,0
2025,604,41,10,0.0,2,1,1,166224.39,0.0,0.18181818181818182,2,410,False,True,False,0,0.11478086,11.4780855,Low,0
2025,759,42,4,105420.18,1,0,1,121409.06,0.8682985577966109,0.2,1,168,False,False,True,0,0.39004216,39.004215,Medium,0
2025,683,35,6,187530.66,2,1,1,37976.36,4.937959352624827,0.2857142857142857,2,210,False,False,False,0,0.22678354,22.678354,Low,0
2025,678,28,2,109137.12,1,1,1,58814.41,1.855587166696619,0.3333333333333333,1,56,False,False,True,0,0.12156617,12.156617,Low,0
2025,628,31,0,88421.81,1,0,0,72350.47,1.2221149065803363,1.0,0,0,False,False,True,0,0.14123031,14.123032,Low,0
2025,850,36,6,0.0,2,1,1,190194.95,0.0,0.2857142857142857,2,216,False,False,False,0,0.09500962,9.500961,Low,0
2025,724,34,2,0.0,2,1,1,118863.38,0.0,0.6666666666666666,2,68,False,False,False,0,0.14365631,14.365631,Low,0
2025,828,31,9,0.0,1,0,1,164257.37,0.0,0.1,1,279,False,False,True,0,0.18247469,18.247469,Low,0
2025,569,30,3,139528.23,1,1,1,33230.37,4.198690273678154,0.25,1,90,False,True,False,0,0.33481467,33.48147,Medium,0
2025,677,49,3,0.0,2,1,1,187811.71,0.0,0.5,2,147,False,False,False,0,0.20469935,20.469934,Low,0
2025,495,38,2,63093.01,1,1,1,47089.72,1.3398183336334633,0.3333333333333333,1,76,False,False,False,0,0.42215434,42.215435,Medium,0
2025,627,33,4,83199.05,1,0,0,159334.93,0.5221612601752788,0.2,0,132,True,False,False,0,0.6340318,63.403175,High,1
2025,597,36,9,0.0,2,1,1,7156.09,0.0,0.2,2,324,False,False,False,0,0.10124734,10.124734,Low,0
2025,762,31,7,117687.35,1,1,1,159344.43,0.7385674631522222,0.125,1,217,False,False,True,0,0.13643207,13.643207,Low,0
2025,476,69,1,105303.73,1,0,1,134260.34,0.7843190750218939,0.5,1,69,False,True,False,0,0.58443403,58.443405,Medium,1
2025,499,35,10,0.0,2,1,0,10722.54,0.0,0.18181818181818182,0,350,False,False,True,0,0.057209004,5.7209005,Low,0
2025,642,62,7,0.0,2,1,1,61120.75,0.0,0.25,2,434,False,False,True,0,0.22969598,22.969597,Low,0
2025,562,62,3,0.0,2,1,0,105986.01,0.0,0.5,0,186,False,False,True,0,0.57937145,57.937145,Medium,1
2025,542,25,7,0.0,2,0,1,82393.08,0.0,0.25,2,175,False,False,False,0,0.045240965,4.5240965,Low,0
2025,451,31,7,140931.82,1,0,1,20388.77,6.911888657890698,0.125,1,217,False,False,False,0,0.16275227,16.275227,Low,0
2025,712,37,1,106881.5,2,0,0,169386.81,0.6309869641741044,1.0,0,37,False,False,False,0,0.23839803,23.839804,Low,0
2025,565,34,6,0.0,1,1,1,63173.64,0.0,0.14285714285714285,1,204,False,False,True,0,0.3489867,34.89867,Medium,0
2025,732,36,9,0.0,1,0,0,3749.0,0.0,0.1,0,324,False,False,False,1,0.4515734,45.15734,Medium,0
2025,771,51,5,135506.58,3,1,1,152479.64,0.8886805564299833,0.5,3,255,False,True,True,1,0.9872694,98.726944,Very High,1
2025,655,41,5,0.0,1,0,0,36548.0,0.0,0.16666666666666666,0,205,False,False,False,1,0.6967043,69.67043,High,1
2025,683,38,3,126152.84,1,0,0,15378.75,8.202528649685462,0.25,0,114,False,True,True,0,0.41374183,41.374184,Medium,0
2025,764,38,4,113607.47,1,1,0,91094.46,1.24712548792223,0.2,0,152,False,True,True,0,0.4962452,49.62452,Medium,0
2025,438,60,7,78391.17,1,0,1,49424.6,1.586043872001554,0.125,1,420,False,False,True,0,0.6559713,65.59713,High,1
2025,762,35,9,122929.42,2,0,0,149822.04,0.8204974348404624,0.2,0,315,False,True,True,0,0.14579293,14.579293,Low,0
2025,622,39,9,0.0,2,0,1,100862.36,0.0,0.2,2,351,False,True,True,0,0.03398169,3.3981688,Low,0
2025,660,33,1,0.0,2,0,0,117834.91,0.0,1.0,0,33,False,True,False,0,0.13706094,13.706094,Low,0
2025,498,30,1,0.0,2,0,0,135795.53,0.0,1.0,0,30,False,False,False,0,0.12976675,12.976675,Low,0
2025,591,29,6,0.0,2,1,1,108684.65,0.0,0.2857142857142857,2,174,False,False,True,0,0.029193627,2.9193628,Low,0
2025,554,37,4,58629.97,1,0,0,182038.6,0.32207261496949013,0.2,0,148,True,False,False,0,0.65730304,65.7303,High,1
2025,506,34,4,90307.62,1,1,1,159235.29,0.567129641113844,0.2,1,136,False,False,False,0,0.41013065,41.013065,Medium,0
2025,505,25,5,114268.85,2,1,1,126728.27,0.9016768580770647,0.3333333333333333,2,125,True,False,False,0,0.08040438,8.040438,Low,0
2025,633,30,6,0.0,2,0,0,41642.29,0.0,0.2857142857142857,0,180,False,False,False,0,0.08539744,8.539743,Low,0
2025,636,24,9,0.0,2,0,1,38830.72,0.0,0.2,2,216,False,False,False,0,0.03443234,3.443234,Low,0
2025,768,36,5,180169.44,2,1,0,17348.56,10.384669121291836,0.3333333333333333,0,180,False,False,False,0,0.27792418,27.792418,Low,0
2025,712,43,1,141749.74,2,0,1,90905.26,1.559295696467988,1.0,2,43,True,False,True,0,0.25824007,25.824007,Low,0
2025,593,74,5,161434.36,2,1,1,65532.17,2.4633992221038596,0.3333333333333333,2,370,True,False,True,0,0.31841585,31.841585,Medium,0
2025,708,38,8,99640.89,1,1,0,12429.22,8.016019829093935,0.1111111111111111,0,304,False,True,True,0,0.4854245,48.54245,Medium,0
2025,529,43,0,123815.86,1,1,1,78463.99,1.5779758590423576,1.0,1,0,False,False,False,1,0.65392363,65.392365,High,1
2025,579,42,0,144386.32,1,1,1,22497.1,6.417711717878399,1.0,1,0,True,False,True,1,0.6902838,69.02838,High,1
2025,815,24,7,171922.72,1,0,1,178028.96,0.9656954368803993,0.125,1,168,False,False,True,0,0.091775216,9.177522,Low,0
2025,606,40,1,144757.97,2,1,1,166656.18,0.8685972605560709,1.0,2,40,True,False,True,0,0.14486016,14.486016,Low,0
2025,608,63,3,139529.93,2,1,1,175696.16,0.7941501729453111,0.5,2,189,False,True,False,1,0.47548598,47.5486,Medium,0
2025,648,40,5,139973.65,1,1,1,667.66,209.33456465169144,0.16666666666666666,1,200,True,False,False,1,0.7465913,74.659134,High,1
2025,482,35,5,147813.05,2,0,0,109029.72,1.3557009437340228,0.3333333333333333,0,175,False,False,False,0,0.3425775,34.257748,Medium,0
2025,625,45,7,137555.44,1,0,0,124607.7,1.103899165949087,0.125,0,315,False,False,True,0,0.57261455,57.261456,Medium,1
2025,610,27,2,0.0,2,1,0,14546.76,0.0,0.6666666666666666,0,54,False,False,False,0,0.11569262,11.5692625,Low,0
2025,548,29,5,83442.98,1,0,1,177017.39,0.4713802899235497,0.16666666666666666,1,145,False,False,True,0,0.18001382,18.001383,Low,0
2025,850,32,5,106290.64,1,1,0,121982.73,0.8713509580335017,0.16666666666666666,0,160,False,False,False,0,0.42566702,42.5667,Medium,0
2025,580,55,6,104305.74,1,0,1,175750.21,0.5934851885230265,0.14285714285714285,1,330,False,False,True,0,0.64204013,64.20401,High,1
2025,652,27,10,107303.72,2,0,0,44435.76,2.4147512104842925,0.18181818181818182,0,270,False,False,True,0,0.0925367,9.253671,Low,0
2025,687,29,7,93617.07,1,0,1,113050.92,0.8280891646953011,0.125,1,203,False,True,False,0,0.16435394,16.435394,Low,0
2025,539,30,0,0.0,2,1,0,160979.66,0.0,2.0,0,0,False,False,True,0,0.11183204,11.183204,Low,0
2025,470,39,5,117469.91,2,0,0,63705.9,1.843911883956055,0.3333333333333333,0,195,True,False,True,0,0.2596749,25.967491,Low,0
2025,514,41,7,0.0,2,1,1,3756.65,0.0,0.25,2,287,False,False,False,0,0.14170937,14.170938,Low,0
2025,534,24,1,0.0,1,1,1,169653.32,0.0,0.5,1,24,False,False,True,0,0.16910891,16.91089,Low,0
2025,661,37,7,109908.06,2,1,0,115037.67,0.9554009968995643,0.25,0,259,True,False,True,1,0.24894327,24.894327,Low,0
2025,464,37,4,155994.15,1,0,0,143665.44,1.0858078615994105,0.2,0,148,True,False,True,0,0.6256726,62.567257,High,1
2025,627,25,4,0.0,1,1,1,194313.93,0.0,0.2,1,100,False,True,False,0,0.3625973,36.259727,Medium,0
2025,781,35,7,92526.15,2,1,1,173837.54,0.5322533771855193,0.25,2,245,True,False,True,0,0.07386148,7.386148,Low,0
2025,555,41,10,113270.2,2,1,1,185387.14,0.61098946243271,0.18181818181818182,2,410,True,False,True,0,0.18606803,18.606802,Low,0
2025,619,23,5,132725.1,1,1,1,143913.33,0.9222507584894432,0.16666666666666666,1,115,True,False,True,0,0.31418586,31.418587,Medium,0
2025,775,38,6,179886.41,2,0,0,153122.58,1.174779286116482,0.2857142857142857,0,228,True,False,False,0,0.41778636,41.778637,Medium,0
2025,671,44,0,84745.03,2,0,1,34673.98,2.443982087372509,2.0,2,0,True,False,False,0,0.46927163,46.927162,Medium,0
2025,735,36,5,0.0,2,1,0,105152.17,0.0,0.3333333333333333,0,180,False,True,True,0,0.06767483,6.767483,Low,0
2025,724,30,9,142475.87,1,1,1,107848.24,1.3210651275799439,0.1,1,270,False,False,False,0,0.36914748,36.91475,Medium,0
2025,662,39,5,139562.05,2,1,0,61636.22,2.2642495881546894,0.3333333333333333,0,195,False,False,False,0,0.34652656,34.652657,Medium,0
2025,657,37,6,95845.6,1,1,0,122218.23,0.7842104716254554,0.14285714285714285,0,222,False,False,False,0,0.52608955,52.608955,Medium,1
2025,809,33,9,0.0,1,1,1,124045.65,0.0,0.1,1,297,False,True,True,0,0.19732916,19.732916,Low,0
2025,501,35,6,99760.84,1,1,1,13591.52,7.339392548254481,0.14285714285714285,1,210,False,False,True,0,0.16233978,16.233978,Low,0
2025,564,36,7,206329.65,1,1,1,46632.87,4.424459089498684,0.125,1,252,False,False,False,1,0.5115324,51.153244,Medium,1
2025,635,33,1,0.0,3,0,0,178067.33,0.0,1.5,0,33,False,False,True,1,0.7493613,74.93613,High,1
2025,790,33,10,135120.72,1,0,0,195204.99,0.6921955622365892,0.09090909090909091,0,330,False,False,False,0,0.4653961,46.53961,Medium,0
2025,656,37,7,112291.34,1,1,0,153157.97,0.7331685502977723,0.125,0,259,False,False,True,0,0.4691973,46.91973,Medium,0
2025,679,60,8,0.0,2,1,1,51380.9,0.0,0.2222222222222222,2,480,False,False,True,0,0.19660169,19.66017,Low,0
2025,692,66,4,159732.02,1,1,1,118188.15,1.351494786111923,0.2,1,264,False,False,True,0,0.42551848,42.55185,Medium,0
2025,710,38,2,0.0,2,1,0,96.27,0.0,0.6666666666666666,0,76,False,False,True,0,0.09049056,9.049056,Low,0
2025,769,26,7,0.0,2,1,0,176843.53,0.0,0.25,0,182,False,False,False,0,0.09358055,9.358055,Low,0
2025,666,34,9,115897.12,1,1,1,25095.03,4.6181455792011725,0.1,1,306,False,False,False,0,0.3115397,31.15397,Medium,0
2025,691,52,3,0.0,1,1,0,175843.68,0.0,0.25,0,156,False,False,True,1,0.91663074,91.66307,Very High,1
2025,604,36,6,116229.85,2,1,1,79633.38,1.459543604156898,0.2857142857142857,2,216,False,False,True,0,0.15537128,15.5371275,Low,0
2025,544,37,3,84496.71,1,0,0,79972.09,1.0565642768086116,0.25,0,111,False,False,True,0,0.41577965,41.577965,Medium,0
2025,609,32,7,118520.41,1,0,0,3815.48,31.054901375089088,0.125,0,224,False,False,True,0,0.3294659,32.94659,Medium,0
2025,597,35,0,127510.99,1,1,1,155356.34,0.8207593538869808,1.0,1,0,False,True,True,0,0.19746552,19.746552,Low,0
2025,549,25,5,0.0,2,0,0,190857.79,0.0,0.3333333333333333,0,125,False,False,False,0,0.08861557,8.861557,Low,0
2025,722,49,3,168197.66,1,1,0,140765.57,1.19486935001684,0.25,0,147,False,False,False,1,0.81124884,81.124886,Very High,1
2025,806,18,3,0.0,2,1,1,86994.54,0.0,0.5,2,54,False,True,True,0,0.013146016,1.3146015,Low,0
2025,517,53,0,109172.88,1,1,0,54676.1,1.9966838036399153,1.0,0,0,True,False,True,1,0.9419254,94.19254,Very High,1
2025,651,56,2,0.0,1,1,0,114522.68,0.0,0.3333333333333333,0,112,False,False,True,1,0.9434045,94.34045,Very High,1
2025,803,40,6,165526.71,1,1,0,12328.08,13.425714651863723,0.14285714285714285,0,240,False,False,False,0,0.634521,63.452103,High,1
2025,747,37,1,0.0,2,0,1,180551.76,0.0,1.0,2,37,False,True,True,0,0.044292063,4.4292064,Low,0
2025,648,33,5,138664.24,1,1,0,29076.27,4.768819081021017,0.16666666666666666,0,165,True,False,True,0,0.58959806,58.959805,Medium,1
2025,438,36,4,0.0,2,1,0,64420.5,0.0,0.4,0,144,False,False,False,0,0.1821139,18.21139,Low,0
2025,781,29,6,98759.89,1,0,0,112202.64,0.8801843683502603,0.14285714285714285,0,174,False,True,False,0,0.45550346,45.550346,Medium,0
2025,610,57,6,106938.11,2,0,1,186612.47,0.5730460400313011,0.2857142857142857,2,342,True,False,True,0,0.36914298,36.9143,Medium,0
2025,628,39,6,0.0,2,0,0,134441.6,0.0,0.2857142857142857,0,234,False,False,True,0,0.08733705,8.733705,Low,0
2025,601,24,7,0.0,2,0,0,144660.42,0.0,0.25,0,168,False,True,True,0,0.02844185,2.844185,Low,0
2025,629,31,6,0.0,1,1,1,16447.6,0.0,0.14285714285714285,1,186,False,False,False,1,0.17925406,17.925406,Low,0
2025,738,62,10,83008.31,1,1,1,42766.03,1.9409416552891328,0.09090909090909091,1,620,True,False,True,0,0.61640406,61.640404,High,1
2025,850,30,5,123210.56,2,1,1,102180.27,1.205803764231938,0.3333333333333333,2,150,True,False,True,0,0.061660305,6.1660304,Low,0
2025,587,46,9,107850.82,1,1,0,139431.0,0.7735012048884045,0.1,0,414,True,False,True,1,0.90519595,90.51959,Very High,1
2025,574,34,1,112572.39,1,0,0,165626.6,0.6796716851539236,0.5,0,34,False,False,True,0,0.22965172,22.965172,Low,0
2025,535,45,2,0.0,2,0,1,170621.55,0.0,0.6666666666666666,2,90,False,False,False,0,0.30361143,30.361143,Medium,0
2025,565,32,9,0.0,2,1,0,5388.3,0.0,0.2,0,288,False,False,True,0,0.048335817,4.8335814,Low,0
2025,469,52,8,139493.25,3,0,0,150093.32,0.9293706117593257,0.3333333333333333,0,416,True,False,False,1,0.98970854,98.970856,Very High,1
2025,566,42,3,108010.78,1,1,1,157486.1,0.685838903630837,0.25,1,126,False,False,True,0,0.5284618,52.84618,Medium,1
2025,732,33,8,111379.55,1,1,1,45098.62,2.4696338904851083,0.1111111111111111,1,264,False,True,False,0,0.27499753,27.499754,Low,0
2025,459,26,4,149879.66,1,0,0,50016.17,2.996564179860636,0.2,0,104,False,False,True,0,0.20108889,20.108889,Low,0
2025,798,37,8,0.0,3,0,0,110783.28,0.0,0.3333333333333333,0,296,False,False,True,0,0.6776452,67.76452,High,1
2025,487,61,5,110368.03,1,0,0,11384.45,9.693778462862689,0.16666666666666666,0,305,True,False,False,1,0.9630893,96.30893,Very High,1
2025,678,38,2,0.0,2,0,0,115068.99,0.0,0.6666666666666666,0,76,False,False,False,0,0.14896627,14.896626,Low,0
2025,850,37,6,0.0,2,1,0,109291.22,0.0,0.2857142857142857,0,222,False,False,True,0,0.062365178,6.236518,Low,0
2025,755,33,6,90560.3,2,1,1,42607.69,2.125395077858531,0.2857142857142857,2,198,True,False,False,0,0.14279662,14.279662,Low,0
2025,743,32,6,140348.56,2,1,1,163254.39,0.8596871441733102,0.2857142857142857,2,192,True,False,False,0,0.10285446,10.285446,Low,0
2025,567,46,1,68238.51,2,1,1,109572.58,0.6227642648894012,1.0,2,46,True,False,False,0,0.3496024,34.96024,Medium,0
2025,814,36,6,0.0,2,1,1,98657.01,0.0,0.2857142857142857,2,216,False,False,False,0,0.09739027,9.739027,Low,0
2025,543,42,4,89838.71,3,1,0,85983.54,1.0448239881262378,0.6,0,168,False,False,True,1,0.96566206,96.56621,Very High,1
2025,663,44,2,117028.6,2,0,1,144680.18,0.8088723080638409,0.6666666666666666,2,88,True,False,True,0,0.19388327,19.388327,Low,0
2025,621,51,4,109978.83,1,0,0,177740.58,0.6187569053903988,0.2,0,204,True,False,True,1,0.9242389,92.42389,Very High,1
2025,666,38,6,99812.88,2,1,1,158357.97,0.630295082116283,0.2857142857142857,2,228,True,False,True,0,0.11605436,11.605436,Low,0
2025,600,30,2,119755.0,1,1,1,21852.91,5.479797436705835,0.3333333333333333,1,60,True,False,True,0,0.38445976,38.445976,Medium,0
2025,699,41,1,200117.76,2,1,0,94142.35,2.1256706926192876,1.0,0,41,True,False,False,0,0.4098277,40.982773,Medium,0
2025,569,30,6,106629.49,1,0,1,44114.88,2.41703191685171,0.14285714285714285,1,180,True,False,True,0,0.42520478,42.520477,Medium,0
2025,702,36,9,90560.48,2,1,0,174268.87,0.5196565533674868,0.2,0,324,True,False,True,0,0.22950073,22.950073,Low,0
2025,832,29,5,0.0,2,1,0,178779.52,0.0,0.3333333333333333,0,145,False,False,False,0,0.09896867,9.896867,Low,0
2025,616,66,1,135842.41,1,1,0,183840.51,0.7389104343192133,0.5,0,66,False,False,False,1,0.93185425,93.185425,Very High,1
2025,638,34,7,0.0,2,1,1,198969.78,0.0,0.25,2,238,False,False,False,0,0.10842676,10.842676,Low,0
2025,582,29,4,0.0,2,0,0,156153.27,0.0,0.4,0,116,False,False,True,0,0.042902462,4.290246,Low,0
2025,627,73,0,146329.73,1,0,1,43615.67,3.3549037558346386,1.0,1,0,False,False,True,0,0.5520337,55.203373,Medium,1
2025,722,30,5,0.0,2,1,0,166376.54,0.0,0.3333333333333333,0,150,False,False,True,0,0.04732189,4.732189,Low,0
2025,483,41,1,118334.44,1,0,0,163147.99,0.7253151858310616,0.5,0,41,True,False,True,1,0.70300484,70.30048,High,1
2025,644,24,8,92760.55,1,1,0,35896.75,2.5840212826709195,0.1111111111111111,0,192,False,False,False,0,0.39279246,39.279247,Medium,0
2025,684,39,4,207034.96,2,0,0,157694.76,1.3128758820148365,0.4,0,156,False,True,True,1,0.45712397,45.712395,Medium,0
2025,850,34,6,0.0,1,0,1,52796.31,0.0,0.14285714285714285,1,204,False,False,True,0,0.2130965,21.30965,Low,0
2025,625,39,3,130786.92,1,0,1,121316.07,1.0780586771507092,0.25,1,117,False,False,False,0,0.37941253,37.941254,Medium,0
2025,814,31,4,0.0,2,1,1,142029.17,0.0,0.4,2,124,False,False,False,0,0.07959523,7.959523,Low,0
2025,490,33,5,96341.0,2,0,0,108313.34,0.8894574808838793,0.3333333333333333,0,165,True,False,True,0,0.17000422,17.000422,Low,0
2025,469,37,9,96776.49,1,1,1,119890.86,0.8071981700842743,0.1,1,333,False,True,True,0,0.30396762,30.396763,Medium,0
2025,592,39,7,0.0,2,1,0,83084.33,0.0,0.25,0,273,False,False,True,0,0.089456156,8.945616,Low,0
2025,718,27,2,0.0,2,0,0,26229.24,0.0,0.6666666666666666,0,54,False,False,True,0,0.04452135,4.452135,Low,0
2025,545,26,1,0.0,2,1,1,199638.56,0.0,1.0,2,26,False,False,False,0,0.112369224,11.236922,Low,0
2025,726,53,1,113537.73,1,0,1,28367.21,4.002287419615126,0.5,1,53,False,False,False,0,0.6785201,67.852005,High,1
2025,660,39,9,134599.33,2,1,0,183095.87,0.735126329576251,0.2,0,351,True,False,True,0,0.30317983,30.317984,Medium,0
2025,762,32,10,191775.65,1,1,0,179657.83,1.0674434983240177,0.09090909090909091,0,320,False,False,True,0,0.50773084,50.773083,Medium,1
2025,628,33,6,0.0,2,0,0,184230.23,0.0,0.2857142857142857,0,198,False,False,True,0,0.052692425,5.2692423,Low,0
2025,563,39,5,0.0,2,1,1,17603.81,0.0,0.3333333333333333,2,195,False,False,False,0,0.13098255,13.098255,Low,0
2025,666,32,10,112536.57,2,1,1,34350.54,3.2760269263037407,0.18181818181818182,2,320,False,False,False,0,0.14821129,14.821129,Low,0
2025,636,43,6,0.0,2,1,0,43128.95,0.0,0.2857142857142857,0,258,False,False,True,0,0.10933718,10.933718,Low,0
2025,850,45,5,103909.86,1,1,0,60083.11,1.7294066600969873,0.16666666666666666,0,225,True,False,False,1,0.8885954,88.85954,Very High,1
2025,632,60,2,0.0,2,0,1,2085.32,0.0,0.6666666666666666,2,120,False,False,True,0,0.28802755,28.802755,Low,0
2025,756,27,8,0.0,2,1,1,157932.75,0.0,0.2222222222222222,2,216,False,False,True,0,0.017134104,1.7134104,Low,0
2025,659,50,3,0.0,1,1,0,183399.12,0.0,0.25,0,150,False,False,False,1,0.94056237,94.05624,Very High,1
2025,733,38,3,157658.36,1,0,0,19658.43,8.019477675598935,0.25,0,114,False,False,False,0,0.43325076,43.325077,Medium,0
2025,651,47,2,0.0,2,1,1,119808.64,0.0,0.6666666666666666,2,94,False,True,True,0,0.07762419,7.7624187,Low,0
2025,630,40,7,0.0,2,1,1,34453.17,0.0,0.25,2,280,False,False,False,0,0.13432272,13.432272,Low,0
2025,711,32,1,0.0,2,1,0,126188.42,0.0,1.0,0,32,False,False,False,0,0.1401919,14.01919,Low,0
2025,593,45,6,79259.75,1,1,0,55347.28,1.43201830300779,0.14285714285714285,0,270,False,True,False,0,0.76505136,76.505135,High,1
2025,560,50,3,0.0,2,1,0,84531.79,0.0,0.5,0,150,False,False,True,0,0.22429785,22.429785,Low,0
2025,704,24,7,113034.22,1,1,0,162503.48,0.6955760235040904,0.125,0,168,True,False,False,1,0.5861289,58.61289,Medium,1
2025,598,38,1,101487.18,1,1,1,75959.1,1.3360590625868052,0.5,1,38,True,False,True,1,0.6085988,60.859882,High,1
2025,829,36,4,81795.74,2,1,0,90106.94,0.9077528572953727,0.4,0,144,True,False,True,0,0.23768541,23.768541,Low,0
2025,592,37,7,0.0,2,1,1,126726.33,0.0,0.25,2,259,False,False,False,0,0.12444247,12.444247,Low,0
2025,516,31,7,0.0,1,1,0,47018.75,0.0,0.125,0,217,False,True,False,0,0.5772087,57.72087,Medium,1
2025,603,48,5,0.0,1,1,0,100478.6,0.0,0.16666666666666666,0,240,False,False,False,1,0.9139439,91.39439,Very High,1
2025,657,22,6,0.0,3,0,1,168412.07,0.0,0.42857142857142855,3,132,False,True,False,1,0.4059632,40.59632,Medium,0
2025,847,41,3,101543.51,4,1,0,16025.17,6.336105881817053,1.0,0,123,True,False,False,1,0.99951065,99.951065,Very High,1
2025,481,34,5,0.0,2,1,1,125253.46,0.0,0.3333333333333333,2,170,False,False,False,0,0.13237675,13.237675,Low,0
2025,711,38,10,0.0,2,0,0,53311.78,0.0,0.18181818181818182,0,380,False,False,True,0,0.06445535,6.445535,Low,0
2025,678,32,5,0.0,2,1,0,90284.47,0.0,0.3333333333333333,0,160,False,False,False,0,0.1441085,14.410851,Low,0
2025,617,46,3,106521.49,1,0,1,86587.37,1.230205511433002,0.25,1,138,False,True,False,0,0.5626053,56.260532,Medium,1
2025,756,26,5,101641.14,2,0,1,154460.68,0.65803466594433,0.3333333333333333,2,130,False,False,False,0,0.06780937,6.780937,Low,0
2025,808,32,1,0.0,2,1,1,46200.71,0.0,1.0,2,32,False,False,True,0,0.06774456,6.774456,Low,0
2025,574,33,8,100267.03,1,1,0,103006.27,0.9733976058194727,0.1111111111111111,0,264,False,False,True,0,0.35608682,35.60868,Medium,0
2025,688,39,0,0.0,2,1,0,53222.15,0.0,2.0,0,0,False,False,False,1,0.25154555,25.154554,Low,0
2025,671,48,9,116711.06,2,0,0,76373.38,1.5281441237231645,0.2,0,432,True,False,False,0,0.6731916,67.31916,High,1
2025,582,32,4,0.0,2,1,0,59668.81,0.0,0.4,0,128,False,False,False,0,0.1459094,14.5909395,Low,0
2025,670,45,9,104930.38,1,1,0,155921.81,0.6729636286057185,0.1,0,405,False,False,False,1,0.7802409,78.024086,High,1
2025,795,36,1,151844.64,1,1,1,135388.89,1.121536031974027,0.5,1,36,False,False,False,0,0.27653322,27.653322,Low,0
2025,554,30,9,0.0,2,1,1,40320.3,0.0,0.2,2,270,False,False,False,0,0.063152,6.3152,Low,0
2025,484,50,2,90408.16,2,0,0,48170.57,1.8767949643326967,0.6666666666666666,0,100,False,False,False,0,0.6253682,62.53682,High,1
2025,603,51,8,186825.57,1,1,0,93739.71,1.99300357336743,0.1111111111111111,0,408,False,False,True,1,0.8029371,80.29371,Very High,1
2025,778,33,1,0.0,2,1,0,85439.73,0.0,1.0,0,33,False,False,True,0,0.07038708,7.038708,Low,0
2025,661,42,9,75361.44,1,1,0,27608.12,2.7295850066934406,0.1,0,378,False,True,False,1,0.7139283,71.39283,High,1
2025,667,44,8,122277.87,1,1,1,91810.71,1.331833052668336,0.1111111111111111,1,352,False,False,True,0,0.39571506,39.571507,Medium,0
2025,675,21,8,98373.26,1,1,0,18203.0,5.403936497473082,0.1111111111111111,0,168,False,False,False,0,0.3731017,37.310173,Medium,0
2025,715,42,6,0.0,2,1,1,128745.69,0.0,0.2857142857142857,2,252,False,True,True,0,0.039035387,3.9035387,Low,0
2025,495,40,1,140197.71,2,1,0,150720.39,0.9301779263049523,1.0,0,40,False,False,False,0,0.45059308,45.059307,Medium,0
2025,680,30,8,141441.75,1,1,1,16278.97,8.688084191801337,0.1111111111111111,1,240,False,False,False,0,0.31364536,31.364536,Medium,0
2025,711,52,8,145262.54,1,0,1,131473.31,1.1048739483782042,0.1111111111111111,1,416,True,False,False,0,0.8248003,82.480034,Very High,1
2025,563,34,6,0.0,2,0,0,36536.93,0.0,0.2857142857142857,0,204,False,False,False,0,0.1075103,10.75103,Low,0
2025,655,37,4,108862.76,1,1,0,79555.08,1.3683776274547463,0.2,0,148,True,False,False,1,0.71394324,71.394325,High,1
2025,834,49,2,131394.56,1,0,0,194365.76,0.6760135323550178,0.3333333333333333,0,98,False,False,False,1,0.82878304,82.8783,Very High,1
2025,503,28,5,0.0,2,1,0,125918.17,0.0,0.3333333333333333,0,140,False,False,False,0,0.13301519,13.301518,Low,0
2025,668,30,8,0.0,2,1,0,138465.7,0.0,0.2222222222222222,0,240,False,True,False,0,0.10875536,10.875536,Low,0
2025,834,57,8,112281.6,3,1,0,140225.14,0.8007180401599873,0.3333333333333333,0,456,True,False,False,1,0.98149097,98.14909,Very High,1
2025,526,36,0,0.0,2,1,0,97767.63,0.0,2.0,0,0,False,False,False,0,0.27173775,27.173775,Low,0
2025,576,19,6,0.0,2,0,0,72306.07,0.0,0.2857142857142857,0,114,False,True,True,0,0.02065386,2.065386,Low,0
2025,480,25,3,174330.35,2,0,0,181647.13,0.9597145316056929,0.5,0,75,True,False,False,0,0.217271,21.7271,Low,0
2025,670,50,8,138340.06,1,0,1,3159.15,43.77642200528456,0.1111111111111111,1,400,False,False,False,0,0.6346233,63.46233,High,1
2025,660,30,7,146301.31,1,0,0,96847.91,1.510613903656737,0.125,0,210,False,False,True,0,0.32001513,32.001514,Medium,0
2025,651,45,6,86714.06,1,1,0,85869.89,1.009819043449998,0.14285714285714285,0,270,True,False,False,1,0.8638924,86.38924,Very High,1
2025,844,56,5,99529.7,1,0,1,157230.06,0.6330155123294341,0.16666666666666666,1,280,False,True,True,1,0.588609,58.860897,Medium,1
2025,680,36,3,116275.12,1,1,1,63795.8,1.8225854588317907,0.25,1,108,False,False,True,0,0.17839508,17.839508,Low,0
2025,850,53,7,65407.16,2,0,0,182633.63,0.3581312043614073,0.25,0,371,False,True,False,1,0.7404556,74.04556,High,1
2025,644,44,8,106022.73,2,0,0,148727.42,0.7128612675371659,0.2222222222222222,0,352,True,False,False,0,0.5090438,50.90438,Medium,1
2025,535,29,2,112367.34,1,1,0,185630.76,0.6053238950058977,0.3333333333333333,0,58,False,False,False,0,0.43070236,43.070236,Medium,0
2025,655,29,9,0.0,2,0,1,85736.26,0.0,0.2,2,261,False,True,False,0,0.04208869,4.208869,Low,0
2025,609,39,8,141675.23,1,0,1,175664.25,0.8065068646189273,0.1111111111111111,1,312,False,False,False,0,0.42739818,42.73982,Medium,0
2025,633,42,10,0.0,1,0,1,79408.17,0.0,0.09090909090909091,1,420,False,True,True,0,0.45769027,45.769028,Medium,0
2025,550,33,4,118400.91,1,0,1,13999.64,8.456821259599561,0.2,1,132,True,False,True,1,0.47701982,47.70198,Medium,0
2025,665,27,2,147435.96,1,0,0,187508.06,0.7862871266060424,0.3333333333333333,0,54,True,False,False,0,0.59004825,59.004826,Medium,1
2025,640,40,8,110340.68,1,1,1,157886.6,0.6988558949531185,0.1111111111111111,1,320,False,False,True,0,0.29843932,29.843933,Low,0
2025,625,36,3,0.0,2,1,0,41295.1,0.0,0.5,0,108,False,False,False,1,0.17261796,17.261795,Low,0
2025,633,40,5,86172.81,2,1,1,117279.49,0.7347582705358751,0.3333333333333333,2,200,True,False,True,0,0.20175932,20.175932,Low,0
2025,745,40,3,88466.82,1,0,0,116331.42,0.7604657411923521,0.25,0,120,False,True,True,0,0.50128895,50.128895,Medium,1
2025,777,30,4,0.0,2,0,1,115611.97,0.0,0.4,2,120,False,False,False,0,0.07134104,7.134104,Low,0
2025,755,36,8,0.0,2,1,0,176809.87,0.0,0.2222222222222222,0,288,False,False,True,0,0.059343174,5.9343176,Low,0
2025,705,30,1,0.0,1,1,1,181300.32,0.0,0.5,1,30,False,False,True,0,0.19696295,19.696295,Low,0
2025,786,29,4,0.0,2,1,0,103372.79,0.0,0.4,0,116,False,False,False,0,0.11884989,11.884989,Low,0
2025,758,68,6,112595.85,1,1,0,35865.44,3.139309337642654,0.14285714285714285,0,408,True,False,True,1,0.965778,96.5778,Very High,1
2025,604,27,9,101352.78,1,0,0,30252.3,3.3501396541864854,0.1,0,243,False,True,True,0,0.3581745,35.81745,Medium,0
2025,797,30,10,69413.44,1,1,1,74637.57,0.9299942375637689,0.09090909090909091,1,300,False,False,True,0,0.11859196,11.859196,Low,0
2025,489,31,7,139395.08,1,0,1,6120.84,22.770127935391972,0.125,1,217,False,False,False,0,0.16126624,16.126623,Low,0
2025,621,41,5,104631.67,1,1,1,95551.22,1.0950208168894453,0.16666666666666666,1,205,False,True,True,0,0.29946107,29.946106,Low,0
2025,608,26,1,106648.98,1,0,1,7063.6,15.096251733997677,0.5,1,26,True,False,True,0,0.27895272,27.895271,Low,0
2025,480,42,1,152160.21,2,1,0,101778.9,1.4949927244966836,1.0,0,42,False,False,False,0,0.56050646,56.050648,Medium,1
2025,504,42,7,131287.36,2,1,1,149697.78,0.8770102201233704,0.25,2,294,True,False,True,0,0.20521784,20.521784,Low,0
2025,663,22,9,0.0,1,1,0,29135.89,0.0,0.1,0,198,False,True,False,1,0.42117986,42.117985,Medium,0
2025,632,32,1,0.0,2,1,0,19525.65,0.0,1.0,0,32,False,True,False,0,0.21729656,21.729656,Low,0
2025,845,33,8,164385.53,1,1,0,150664.97,1.0910594475978883,0.1111111111111111,0,264,False,False,True,0,0.50176144,50.176144,Medium,1
2025,587,39,6,101851.8,2,1,0,7103.71,14.335813847433604,0.2857142857142857,0,234,True,False,False,0,0.31952354,31.952354,Medium,0
2025,568,46,8,150836.92,1,0,0,64516.8,2.337911708086761,0.1111111111111111,0,368,True,False,True,1,0.7970959,79.70959,High,1
2025,766,28,4,90696.78,1,0,1,21597.2,4.199274939578298,0.2,1,112,True,False,False,0,0.49289817,49.289818,Medium,0
2025,633,59,2,103996.74,1,1,1,103159.11,1.008110014617084,0.3333333333333333,1,118,False,False,True,0,0.55313194,55.313194,Medium,1
2025,746,37,4,0.0,2,0,1,171039.56,0.0,0.4,2,148,False,False,False,0,0.1319295,13.19295,Low,0
2025,768,25,6,0.0,2,1,1,21215.67,0.0,0.2857142857142857,2,150,False,False,True,0,0.019668944,1.9668944,Low,0
2025,635,38,0,103257.14,1,0,0,158344.63,0.6520997137717031,1.0,0,0,False,True,True,0,0.34529695,34.529694,Medium,0
2025,529,27,1,0.0,2,1,1,37769.98,0.0,1.0,2,27,False,False,False,0,0.116013885,11.601389,Low,0
2025,625,39,2,0.0,2,1,0,100403.05,0.0,0.6666666666666666,0,78,False,False,True,0,0.090136215,9.013621,Low,0
2025,697,42,10,0.0,2,1,0,61312.15,0.0,0.18181818181818182,0,420,False,False,False,0,0.20010337,20.010338,Low,0
2025,673,25,3,108244.82,2,1,1,103573.96,1.0450867661450218,0.5,2,75,True,False,False,0,0.07782219,7.7822194,Low,0
2025,708,42,9,176702.36,2,1,1,104804.74,1.685998877542394,0.2,2,378,True,False,True,0,0.2725233,27.25233,Low,0
2025,697,33,1,87347.7,1,1,0,172524.51,0.5062886062472732,0.5,0,33,False,False,False,0,0.48010546,48.010548,Medium,0
2025,573,26,8,86270.93,2,1,1,90177.3,0.9566706180977019,0.2222222222222222,2,208,False,False,True,0,0.04470567,4.470567,Low,0
2025,682,46,7,128029.72,1,1,1,62615.35,2.0446691638845125,0.125,1,322,False,True,True,0,0.29759133,29.759132,Low,0
2025,647,44,4,93960.35,1,1,0,36579.53,2.5685890827716276,0.2,0,176,True,False,True,1,0.8292519,82.925186,Very High,1
2025,797,33,10,83555.58,1,0,0,69767.14,1.1976179958359217,0.09090909090909091,0,330,True,False,False,0,0.61062926,61.062927,High,1
2025,651,37,9,114453.58,1,0,1,175820.91,0.6509631251304232,0.1,1,333,True,False,True,0,0.6001893,60.018932,High,1
2025,501,43,6,104533.24,1,0,0,81123.59,1.2885518435285777,0.14285714285714285,0,258,False,True,True,1,0.5515933,55.159332,Medium,1
2025,727,26,9,121508.28,1,1,1,146785.44,0.8277895424127732,0.1,1,234,False,False,False,0,0.24209353,24.209352,Low,0
2025,683,56,7,50911.21,3,0,0,97629.31,0.5214693059972871,0.375,0,392,False,True,True,1,0.9890811,98.90811,Very High,1
2025,770,33,6,0.0,2,1,1,126131.9,0.0,0.2857142857142857,2,198,False,False,False,0,0.08228307,8.228307,Low,0
2025,568,26,6,0.0,2,0,0,166495.2,0.0,0.2857142857142857,0,156,False,True,False,0,0.07401225,7.401225,Low,0
2025,577,48,6,179852.26,1,1,0,193580.32,0.9290785908475053,0.14285714285714285,0,288,False,True,True,0,0.61266065,61.266064,High,1
2025,608,34,3,106288.54,1,1,1,36639.25,2.9008683073941905,0.25,1,102,True,False,True,0,0.4841213,48.41213,Medium,0
2025,679,28,9,0.0,2,0,1,61761.77,0.0,0.2,2,252,False,True,False,0,0.038821213,3.8821213,Low,0
2025,544,45,6,0.0,2,0,1,151401.33,0.0,0.2857142857142857,2,270,False,False,False,0,0.2399844,23.99844,Low,0
2025,620,29,9,0.0,2,1,0,13133.88,0.0,0.2,0,261,False,True,True,0,0.04268228,4.268228,Low,0
2025,588,30,0,110148.49,1,1,0,5790.9,19.017678136708163,1.0,0,0,True,False,False,1,0.6608234,66.082344,High,1
2025,757,31,1,127320.36,3,1,0,163170.32,0.7802863885638726,1.5,0,31,True,False,True,0,0.89917195,89.9172,Very High,1
2025,775,30,4,0.0,2,0,1,57461.13,0.0,0.4,2,120,False,True,True,0,0.022897054,2.2897053,Low,0
2025,718,44,1,133866.22,1,0,1,139049.24,0.9627183671168063,0.5,1,44,False,False,False,0,0.50140417,50.140415,Medium,1
2025,690,35,6,112689.95,1,1,0,176962.31,0.636798384930752,0.14285714285714285,0,210,False,False,True,0,0.41364947,41.36495,Medium,0
2025,613,21,7,105627.95,1,1,1,36560.51,2.8890477991745964,0.125,1,147,False,False,False,0,0.15383357,15.383357,Low,0
2025,699,43,3,80764.03,1,1,0,199378.58,0.405076738550658,0.25,0,129,False,False,False,1,0.6447239,64.47239,High,1
2025,727,43,2,97403.18,1,1,1,107415.02,0.9067844814954044,0.3333333333333333,1,86,False,True,True,1,0.37026817,37.026817,Medium,0
2025,850,66,4,0.0,2,0,1,64350.8,0.0,0.4,2,264,False,False,True,0,0.27974996,27.974997,Low,0
2025,581,31,3,0.0,2,0,0,89040.61,0.0,0.5,0,93,False,False,True,0,0.05175473,5.175473,Low,0
2025,513,42,10,0.0,2,0,1,73151.25,0.0,0.18181818181818182,2,420,False,True,False,0,0.11204457,11.204457,Low,0
2025,620,61,5,0.0,1,0,0,31641.52,0.0,0.16666666666666666,0,305,False,False,True,1,0.9436557,94.36557,Very High,1
2025,726,38,5,126875.62,1,1,0,128052.29,0.9908032819773706,0.16666666666666666,0,190,False,False,False,0,0.5433005,54.33005,Medium,1
2025,709,34,2,111669.68,1,1,0,57029.66,1.9580639606836039,0.3333333333333333,0,68,False,False,False,0,0.4364217,43.64217,Medium,0
2025,804,24,3,0.0,2,1,0,173195.33,0.0,0.5,0,72,False,False,True,0,0.03307829,3.3078291,Low,0
2025,850,28,9,0.0,2,1,0,185821.41,0.0,0.2,0,252,False,False,False,0,0.084889755,8.488976,Low,0
2025,670,31,2,57530.06,1,1,1,181893.31,0.3162829007680339,0.3333333333333333,1,62,False,False,False,1,0.31248182,31.248182,Medium,0
2025,841,31,3,162701.65,2,1,1,126794.56,1.2831809725829517,0.5,2,93,False,False,False,0,0.11864026,11.864026,Low,0
2025,628,45,6,53667.44,1,1,0,115022.94,0.46657626229809207,0.14285714285714285,0,270,True,False,False,0,0.88519186,88.51919,Very High,1
2025,675,49,8,135133.39,1,0,1,179521.24,0.7527389921159631,0.1111111111111111,1,392,False,False,True,1,0.5379075,53.79075,Medium,1
2025,567,40,7,122265.24,1,1,0,138552.74,0.8824391171252397,0.125,0,280,True,False,True,0,0.6697607,66.976074,High,1
2025,672,40,3,0.0,1,1,0,113171.61,0.0,0.25,0,120,False,False,False,1,0.64972574,64.97257,High,1
2025,581,46,1,0.0,2,1,0,104272.04,0.0,1.0,0,46,False,True,False,0,0.36802724,36.802723,Medium,0
2025,584,29,4,0.0,2,1,0,88866.92,0.0,0.4,0,116,False,True,False,0,0.13251616,13.2516165,Low,0
2025,644,28,0,0.0,2,1,0,119419.37,0.0,2.0,0,0,False,True,True,0,0.14557873,14.557873,Low,0
2025,661,27,3,0.0,2,1,1,76889.79,0.0,0.5,2,81,False,False,False,0,0.08214066,8.2140665,Low,0
2025,667,24,4,0.0,2,0,1,34335.55,0.0,0.4,2,96,False,False,False,0,0.05173352,5.173352,Low,0
2025,630,30,3,0.0,2,0,1,10486.69,0.0,0.5,2,90,False,True,True,0,0.029747555,2.9747555,Low,0
2025,656,43,7,134919.85,1,1,0,194691.95,0.6929878560060855,0.125,0,301,False,False,True,0,0.57855177,57.85518,Medium,1
2025,686,31,1,0.0,2,1,0,4802.25,0.0,1.0,0,31,False,False,False,0,0.14131765,14.131765,Low,0
2025,730,38,0,38848.19,2,0,0,94003.11,0.4132605478632796,2.0,0,0,True,False,True,0,0.19764331,19.764332,Low,0
2025,664,58,5,98668.18,1,1,1,60887.58,1.6204710308566892,0.16666666666666666,1,290,False,False,True,0,0.4704886,47.048862,Medium,0
2025,616,41,1,103560.57,1,1,0,236.45,436.136323436513,0.5,0,41,True,False,False,1,0.6878016,68.78016,High,1
2025,718,63,7,123204.88,1,1,1,100538.8,1.2254339077658798,0.125,1,441,True,False,True,0,0.6246102,62.461018,High,1
2025,717,53,6,0.0,2,0,1,97614.87,0.0,0.2857142857142857,2,318,False,False,True,0,0.21401903,21.401903,Low,0
2025,656,35,6,0.0,2,1,0,1485.27,0.0,0.2857142857142857,0,210,False,False,True,0,0.06080035,6.080035,Low,0
2025,687,31,2,0.0,2,0,1,145411.39,0.0,0.6666666666666666,2,62,False,False,False,0,0.103095725,10.309572,Low,0
2025,649,52,8,49113.75,1,1,0,41858.43,1.1733019298160534,0.1111111111111111,0,416,False,False,False,0,0.92248166,92.24817,Very High,1
2025,697,45,1,0.0,2,1,0,46807.62,0.0,1.0,0,45,False,False,False,1,0.23871481,23.87148,Low,0
2025,659,36,2,76190.48,2,1,1,149066.14,0.5111151927916507,0.6666666666666666,2,72,True,False,True,0,0.110453464,11.045346,Low,0
2025,587,33,8,148163.57,1,0,0,122925.4,1.2053030919314323,0.1111111111111111,0,264,False,False,True,0,0.30230767,30.230766,Medium,0
2025,613,44,3,0.0,2,0,1,136491.72,0.0,0.5,2,132,False,False,True,0,0.12521593,12.521593,Low,0
2025,733,33,3,0.0,1,1,1,7666.73,0.0,0.25,1,99,False,False,True,0,0.18913648,18.913647,Low,0
2025,517,46,4,0.0,1,1,0,22372.78,0.0,0.2,0,184,False,True,True,0,0.8355006,83.55006,Very High,1
2025,584,66,5,0.0,1,1,0,49553.38,0.0,0.16666666666666666,0,330,False,False,False,1,0.9600056,96.00056,Very High,1
2025,728,43,5,0.0,1,1,1,120088.17,0.0,0.16666666666666666,1,215,False,True,False,0,0.535315,53.531498,Medium,1
2025,777,34,5,96693.66,1,1,1,172618.52,0.5601548422797145,0.16666666666666666,1,170,True,False,False,0,0.5887941,58.87941,Medium,1
2025,619,44,6,52831.13,1,1,1,112649.22,0.4689838155664498,0.14285714285714285,1,264,False,True,False,1,0.47620112,47.620113,Medium,0
2025,733,36,1,0.0,2,0,1,108377.82,0.0,1.0,2,36,False,True,True,0,0.059301395,5.9301395,Low,0
2025,430,31,5,0.0,1,1,0,95655.16,0.0,0.16666666666666666,0,155,False,False,True,0,0.52045715,52.045715,Medium,1
2025,580,45,8,103741.14,1,1,0,47428.73,2.1872597630220536,0.1111111111111111,0,360,True,False,True,1,0.8627237,86.27237,Very High,1
2025,665,32,1,132178.67,1,0,0,11865.76,11.13856435960616,0.5,0,32,True,False,True,0,0.56620705,56.620705,Medium,1
2025,502,45,0,0.0,1,0,0,84663.21,0.0,1.0,0,0,False,False,True,0,0.81638753,81.638756,Very High,1
2025,585,56,4,138227.19,2,1,1,55287.84,2.5000920619785116,0.4,2,224,False,False,True,0,0.32392597,32.392597,Medium,0
2025,626,44,10,0.0,2,0,0,164287.86,0.0,0.18181818181818182,0,440,False,False,True,0,0.24284357,24.284357,Low,0
2025,753,47,1,131160.85,1,1,0,197444.69,0.6642882404776727,0.5,0,47,True,False,False,0,0.8691633,86.91633,Very High,1
2025,535,49,3,0.0,1,0,0,61820.41,0.0,0.25,0,147,False,False,False,1,0.91554934,91.55493,Very High,1
2025,751,52,8,0.0,2,0,1,179291.85,0.0,0.2222222222222222,2,416,False,True,True,0,0.089719646,8.971965,Low,0
2025,478,36,3,92363.3,2,1,0,44912.7,2.0564616141622714,0.5,0,108,False,True,False,0,0.30568677,30.568678,Medium,0
2025,643,45,4,45144.43,1,1,0,60917.24,0.7410658942215008,0.2,0,180,False,False,False,1,0.78541744,78.54174,High,1
2025,743,59,5,108585.35,1,1,1,192127.22,0.5651712694782682,0.16666666666666666,1,295,True,False,True,1,0.69155025,69.15503,High,1
2025,699,53,4,0.0,2,0,1,111307.98,0.0,0.4,2,212,False,False,True,0,0.22408913,22.408913,Low,0
2025,668,46,0,0.0,2,0,0,29388.02,0.0,2.0,0,0,False,False,True,0,0.20895104,20.895103,Low,0
2025,500,38,7,0.0,2,0,0,192013.23,0.0,0.25,0,266,False,True,True,0,0.09177153,9.177153,Low,0
2025,555,62,10,114822.64,1,0,1,8444.5,13.5957184299331,0.09090909090909091,1,620,True,False,False,0,0.76245975,76.24597,High,1
2025,581,50,2,143829.2,2,1,0,181224.24,0.7936488316969535,0.6666666666666666,0,100,True,False,True,1,0.7855624,78.55624,High,1
2025,559,42,7,0.0,2,1,1,190040.29,0.0,0.25,2,294,False,False,False,0,0.18199392,18.199392,Low,0
2025,514,45,1,178827.79,1,1,0,60375.18,2.9618930843256397,0.5,0,45,False,False,True,0,0.6277844,62.77844,High,1
2025,521,32,2,136555.01,2,1,1,129353.21,1.05566730298148,0.6666666666666666,2,64,False,False,False,0,0.20804152,20.804152,Low,0
2025,737,39,7,130051.66,2,0,0,55356.39,2.3493098211458308,0.25,0,273,False,True,False,1,0.39709705,39.709705,Medium,0
2025,699,31,8,125927.51,2,1,0,147661.47,0.8528064714073927,0.2222222222222222,0,248,False,True,True,0,0.1399259,13.99259,Low,0
2025,737,32,7,128551.36,2,0,1,189402.71,0.6787161666474221,0.25,2,224,False,False,False,0,0.12671532,12.671532,Low,0
2025,603,24,1,165149.13,2,1,0,21858.28,7.55510382775645,1.0,0,24,False,True,True,0,0.18401702,18.401701,Low,0
2025,752,30,4,81523.38,1,1,1,36885.85,2.210093298831427,0.2,1,120,True,False,True,0,0.4148881,41.48881,Medium,0
2025,524,28,7,0.0,2,0,1,147100.72,0.0,0.25,2,196,False,False,False,0,0.05735571,5.735571,Low,0
2025,608,38,9,102406.76,1,0,1,57600.66,1.777843902415312,0.1,1,342,False,True,False,0,0.1946503,19.46503,Low,0
2025,603,35,6,128993.76,2,1,0,130483.56,0.988574893458659,0.2857142857142857,0,210,False,False,True,0,0.19779499,19.7795,Low,0
2025,720,52,7,0.0,1,1,1,14781.12,0.0,0.125,1,364,False,False,True,0,0.60336256,60.336258,High,1
2025,633,29,6,117412.35,1,0,0,30338.94,3.869893941781032,0.14285714285714285,0,174,True,False,True,0,0.5383805,53.83805,Medium,1
2025,660,28,3,128929.88,1,1,1,198069.71,0.650928549708334,0.25,1,84,False,True,False,0,0.33279195,33.279194,Medium,0
2025,526,36,5,91132.18,1,0,0,58111.71,1.5681970432974128,0.16666666666666666,0,180,False,True,False,0,0.45199457,45.199455,Medium,0
2025,691,34,7,0.0,2,0,1,161559.12,0.0,0.25,2,238,False,False,False,0,0.081558034,8.155804,Low,0
2025,705,56,2,143249.67,1,1,0,88428.41,1.6199324410283864,0.3333333333333333,0,112,True,False,False,1,0.9561501,95.61501,Very High,1
2025,586,33,10,66948.67,2,1,1,140759.03,0.47562273182237885,0.18181818181818182,2,330,False,True,False,0,0.13723682,13.723681,Low,0
2025,465,51,8,122522.32,1,0,0,181297.65,0.6758038187267252,0.1111111111111111,0,408,False,False,False,1,0.91097987,91.097984,Very High,1
2025,597,67,2,0.0,2,0,1,108645.85,0.0,0.6666666666666666,2,134,False,False,True,0,0.292944,29.294401,Low,0
2025,683,43,4,115888.04,1,1,1,117349.19,0.9875402843404002,0.2,1,172,True,False,False,1,0.7273427,72.734276,High,1
2025,794,31,0,144880.34,2,0,1,175643.44,0.8248501347381106,2.0,2,0,False,True,True,0,0.10929823,10.929823,Low,0
2025,569,41,4,120243.49,1,1,0,163150.03,0.7370072380174371,0.2,0,164,False,False,True,1,0.54742616,54.742615,Medium,1
2025,565,31,2,89558.39,2,1,1,4441.54,20.1592759997659,0.6666666666666666,2,62,True,False,True,0,0.13235782,13.235782,Low,0
2025,674,26,10,0.0,2,1,1,138423.1,0.0,0.18181818181818182,2,260,False,False,False,0,0.04203788,4.203788,Low,0
2025,850,40,7,104449.8,1,1,1,747.88,139.4746821920735,0.125,1,280,True,False,False,0,0.82996404,82.99641,Very High,1
2025,660,35,8,58641.43,1,0,1,198674.08,0.2951624833874485,0.1111111111111111,1,280,True,False,True,0,0.5678706,56.787064,Medium,1
2025,677,56,5,123959.97,1,1,1,60590.72,2.0458235877773396,0.16666666666666666,1,280,False,True,True,1,0.43000352,43.00035,Medium,0
2025,690,32,0,106683.52,2,1,1,137916.49,0.7735314788573951,2.0,2,0,True,False,True,0,0.12636338,12.636338,Low,0
2025,755,42,2,119919.12,1,1,0,156868.21,0.7644528840299508,0.3333333333333333,0,84,False,False,True,0,0.5563885,55.63885,Medium,1
2025,670,33,2,141204.65,2,1,0,76257.46,1.8516588192313348,0.6666666666666666,0,66,False,False,True,0,0.15831044,15.831044,Low,0
2025,713,52,0,185891.54,1,1,1,46369.57,4.008825856572391,1.0,1,0,False,False,False,1,0.7018378,70.18378,High,1
2025,628,28,3,153538.13,2,1,0,110776.01,1.3860107796735082,0.5,0,84,True,False,False,0,0.22056843,22.056843,Low,0
2025,738,58,2,133745.44,4,1,0,28373.86,4.713518938948069,1.3333333333333333,0,116,True,False,True,1,0.9997969,99.97969,Very High,1
2025,813,59,2,135078.41,1,1,0,187636.06,0.7198919552459413,0.3333333333333333,0,118,True,False,True,1,0.9683771,96.83771,Very High,1
2025,560,38,5,83714.41,1,1,1,33245.97,2.51795607238795,0.16666666666666666,1,190,False,False,False,0,0.33800793,33.800793,Medium,0
2025,718,37,7,0.0,2,1,1,55100.09,0.0,0.25,2,259,False,False,False,0,0.10495471,10.495471,Low,0
2025,687,44,8,95368.14,2,1,1,1787.85,53.3125415769908,0.2222222222222222,2,352,True,False,True,0,0.2608651,26.08651,Low,0
2025,576,55,6,44582.07,3,0,1,67539.85,0.6600756431107988,0.42857142857142855,3,330,False,False,False,1,0.98363614,98.36362,Very High,1
2025,528,37,6,103772.45,1,1,0,197111.99,0.5264617517090071,0.14285714285714285,0,222,False,False,True,0,0.5127896,51.27896,Medium,1
2025,560,44,5,143244.97,1,1,0,98661.27,1.451871824964092,0.16666666666666666,0,220,False,False,False,0,0.6509372,65.09372,High,1
2025,628,37,0,0.0,2,1,1,171707.93,0.0,2.0,2,0,False,False,True,0,0.1051435,10.51435,Low,0
2025,831,30,2,0.0,2,0,1,3430.38,0.0,0.6666666666666666,2,60,False,False,True,0,0.04196963,4.1969633,Low,0
2025,641,31,3,153316.14,1,1,0,59927.99,2.558296744196757,0.25,0,93,False,True,True,0,0.46029374,46.029373,Medium,0
2025,521,49,2,127948.57,1,1,1,182765.14,0.7000671459166342,0.3333333333333333,1,98,True,False,False,0,0.7431754,74.317535,High,1
2025,566,40,2,97001.36,2,1,0,154486.01,0.6278933096057719,0.6666666666666666,0,80,True,False,False,0,0.41748327,41.748325,Medium,0
2025,673,37,8,0.0,2,1,1,183318.79,0.0,0.2222222222222222,2,296,False,True,False,0,0.0757796,7.57796,Low,0
2025,580,35,8,0.0,2,0,1,10357.03,0.0,0.2222222222222222,2,280,False,False,False,0,0.078566015,7.8566017,Low,0
2025,655,27,10,0.0,2,1,0,51620.94,0.0,0.18181818181818182,0,270,False,False,True,0,0.032564614,3.2564614,Low,0
2025,565,32,9,68067.24,1,1,0,143287.58,0.4750360426490374,0.1,0,288,True,False,False,0,0.6116962,61.169617,High,1
2025,523,63,6,116227.27,1,1,1,119404.63,0.9733818246258572,0.14285714285714285,1,378,True,False,True,0,0.67314005,67.314,High,1
2025,688,32,5,0.0,2,0,1,177607.77,0.0,0.3333333333333333,2,160,False,False,False,0,0.08020825,8.020825,Low,0
2025,664,41,5,0.0,1,1,1,152054.33,0.0,0.16666666666666666,1,205,False,False,False,0,0.6261519,62.615192,High,1
2025,690,49,8,116622.73,1,0,1,51011.29,2.286169274110219,0.1111111111111111,1,392,False,True,True,0,0.3560531,35.605312,Medium,0
2025,538,25,5,62482.95,1,1,1,102758.43,0.6080507647813929,0.16666666666666666,1,125,True,False,True,0,0.33172068,33.17207,Medium,0
2025,566,44,5,141428.99,2,0,0,68408.74,2.067380902193167,0.3333333333333333,0,220,True,False,False,0,0.48898834,48.898834,Medium,0
2025,684,45,6,148071.39,1,1,0,183575.01,0.8065944455378457,0.14285714285714285,0,270,False,False,True,0,0.6517591,65.17591,High,1
2025,609,53,6,0.0,2,1,1,124218.27,0.0,0.2857142857142857,2,318,False,False,False,0,0.24589334,24.589334,Low,0
2025,668,47,7,106854.21,1,0,1,157959.02,0.676463639343677,0.125,1,329,True,False,True,1,0.699525,69.9525,High,1
2025,624,62,7,125163.62,2,1,1,151411.5,0.8266399405597292,0.25,2,434,False,False,False,0,0.3653685,36.53685,Medium,0
2025,623,45,0,0.0,1,1,0,196533.72,0.0,1.0,0,0,False,False,True,1,0.70585585,70.58559,High,1
2025,595,29,6,150685.79,1,1,0,87771.06,1.7167853870582508,0.14285714285714285,0,174,False,False,True,0,0.36929318,36.929317,Medium,0
2025,665,32,10,0.0,1,1,1,22487.45,0.0,0.09090909090909091,1,320,False,True,False,0,0.19171268,19.171268,Low,0
2025,700,37,7,0.0,2,1,0,17040.82,0.0,0.25,0,259,False,False,False,0,0.14525844,14.525845,Low,0
2025,594,53,4,0.0,1,1,0,5408.74,0.0,0.2,0,212,False,False,False,1,0.93752426,93.752426,Very High,1
2025,795,38,7,125903.22,2,1,1,127068.92,0.9908184407450639,0.25,2,266,True,False,True,0,0.12221979,12.221979,Low,0
2025,484,32,3,0.0,2,1,1,139390.99,0.0,0.5,2,96,False,False,False,0,0.13819128,13.819128,Low,0
2025,742,36,2,129748.54,2,0,0,47271.61,2.7446874627823594,0.6666666666666666,0,72,True,False,False,1,0.31936556,31.936556,Medium,0
2025,499,55,4,126817.65,2,1,0,123269.71,1.028773582954134,0.4,0,220,True,False,False,0,0.78310305,78.3103,High,1
2025,669,45,7,149364.58,1,0,1,173454.07,0.8611139472602327,0.125,1,315,False,False,True,0,0.44377428,44.37743,Medium,0
2025,560,33,9,0.0,1,0,1,183358.21,0.0,0.1,1,297,False,True,False,0,0.4023663,40.23663,Medium,0
2025,650,23,5,0.0,1,1,1,180622.43,0.0,0.16666666666666666,1,115,False,True,False,0,0.28064576,28.064575,Low,0
2025,619,52,8,0.0,2,1,1,123242.11,0.0,0.2222222222222222,2,416,False,True,True,0,0.093900435,9.390043,Low,0
2025,652,71,4,0.0,1,1,1,120107.1,0.0,0.2,1,284,False,True,True,0,0.561687,56.1687,Medium,1
2025,705,24,5,177799.83,2,0,0,79886.06,2.2256399221601093,0.3333333333333333,0,120,False,True,False,0,0.16212797,16.212797,Low,0
2025,778,47,6,127299.34,2,1,0,124694.99,1.0208775759348796,0.2857142857142857,0,282,False,True,False,0,0.5848952,58.48952,Medium,1
2025,629,28,8,108601.0,1,1,1,119647.7,0.907665524155298,0.1111111111111111,1,224,True,False,True,0,0.4424451,44.24451,Medium,0
2025,596,39,10,86546.29,1,0,1,131768.98,0.6567982327993067,0.09090909090909091,1,390,False,False,False,0,0.45020598,45.0206,Medium,0
2025,754,37,6,0.0,1,1,1,116141.72,0.0,0.14285714285714285,1,222,False,False,True,0,0.41636702,41.636703,Medium,0
2025,776,30,6,0.0,2,0,1,63908.86,0.0,0.2857142857142857,2,180,False,True,True,0,0.017753743,1.7753743,Low,0
2025,615,44,9,126104.98,2,0,1,110718.02,1.1389640190095613,0.2,2,396,True,False,False,0,0.4494082,44.94082,Medium,0
2025,684,44,2,133776.86,2,0,1,49865.04,2.6827247561667216,0.6666666666666666,2,88,True,False,False,0,0.451047,45.104702,Medium,0
2025,513,49,5,171601.27,1,1,0,126223.84,1.3594889088391793,0.16666666666666666,0,245,True,False,False,0,0.9116216,91.162155,Very High,1
2025,705,46,5,89364.91,1,0,1,139162.15,0.6421592928875209,0.16666666666666666,1,230,False,True,False,0,0.5796179,57.961792,Medium,1
2025,489,58,4,0.0,2,1,1,191419.32,0.0,0.4,2,232,False,True,True,0,0.1888484,18.88484,Low,0
2025,721,40,3,0.0,1,1,1,144874.67,0.0,0.25,1,120,False,False,True,0,0.5652949,56.52949,Medium,1
2025,690,36,7,101583.11,2,1,0,123775.15,0.820700191434295,0.25,0,252,False,False,True,0,0.17606278,17.606277,Low,0
2025,683,36,5,115350.63,1,1,1,122305.91,0.9431243909277081,0.16666666666666666,1,180,False,False,True,0,0.1810894,18.10894,Low,0
2025,465,33,5,0.0,2,0,1,78698.09,0.0,0.3333333333333333,2,165,False,False,True,0,0.05106274,5.106274,Low,0
2025,850,27,6,96654.72,2,0,0,152740.16,0.6328007460464488,0.2857142857142857,0,162,False,False,True,0,0.056433093,5.643309,Low,0
2025,627,39,5,124586.93,1,1,0,93132.61,1.3377225472093264,0.16666666666666666,0,195,True,False,False,1,0.72670245,72.67024,High,1
2025,669,47,9,61196.54,1,1,0,58170.24,1.0520067992361861,0.1,0,423,False,False,False,0,0.8558333,85.58333,Very High,1
2025,762,36,5,119547.46,1,1,1,42693.65,2.8000571500176252,0.16666666666666666,1,180,False,False,True,0,0.19511314,19.511314,Low,0
2025,448,36,6,83947.12,2,1,0,81999.53,1.0237387490056467,0.2857142857142857,0,216,False,False,False,0,0.28660497,28.660498,Low,0
2025,813,25,5,123616.43,1,0,1,132959.33,0.9297241515570848,0.16666666666666666,1,125,True,False,False,0,0.5438993,54.38993,Medium,1
2025,601,42,1,98495.72,1,1,0,40014.76,2.4614231992594915,0.5,0,42,True,False,True,1,0.7604773,76.04773,High,1
2025,723,28,4,0.0,2,1,1,123885.88,0.0,0.4,2,112,False,False,True,0,0.031129561,3.112956,Low,0
2025,850,35,7,114285.2,1,0,1,129660.59,0.8814113724812414,0.125,1,245,True,False,False,0,0.62479573,62.479572,High,1
2025,601,47,1,64430.06,2,0,1,96517.97,0.6675377907576096,1.0,2,47,False,False,True,0,0.27947026,27.947027,Low,0
2025,707,35,9,0.0,2,1,1,70403.65,0.0,0.2,2,315,False,False,False,0,0.08651395,8.651395,Low,0
2025,461,35,5,0.0,1,1,1,54209.02,0.0,0.16666666666666666,1,175,False,False,False,0,0.38705596,38.705597,Medium,0
2025,596,67,6,0.0,2,1,1,138350.74,0.0,0.2857142857142857,2,402,False,True,True,0,0.19337703,19.337704,Low,0
2025,730,26,6,0.0,2,1,1,185808.7,0.0,0.2857142857142857,2,156,False,True,True,0,0.012819132,1.2819132,Low,0
2025,540,28,8,0.0,2,0,0,197588.32,0.0,0.2222222222222222,0,224,False,True,True,0,0.039097175,3.9097176,Low,0
2025,631,27,10,134169.62,1,1,1,176730.02,0.7591741393220047,0.09090909090909091,1,270,False,True,True,0,0.18549687,18.549686,Low,0
2025,817,45,9,101207.75,1,0,0,88211.12,1.1473224994479216,0.1,0,405,True,False,True,1,0.811008,81.1008,Very High,1
2025,583,40,3,0.0,2,1,0,47728.0,0.0,0.5,0,120,False,False,True,0,0.10244892,10.244892,Low,0
2025,683,32,0,138171.1,2,1,1,188203.58,0.7341537597012784,2.0,2,0,True,False,False,0,0.15990044,15.990045,Low,0
2025,662,41,4,0.0,2,1,0,126551.48,0.0,0.4,0,164,False,False,False,0,0.23856522,23.856522,Low,0
2025,559,33,9,111060.05,2,1,0,110371.84,1.006226260011068,0.2,0,297,False,False,True,0,0.18668342,18.668343,Low,0
2025,538,28,6,164365.44,1,0,1,5698.97,28.836193874704602,0.14285714285714285,1,168,True,False,False,0,0.5233667,52.33667,Medium,1
2025,670,38,4,119624.54,2,1,1,110472.12,1.082838431647445,0.4,2,152,False,False,False,0,0.26560867,26.560867,Low,0
2025,638,36,6,188455.19,1,0,0,47031.4,4.006922674581777,0.14285714285714285,0,216,False,False,True,1,0.43957216,43.957214,Medium,0
2025,702,29,10,88378.6,1,1,0,88550.28,0.9980499434903709,0.09090909090909091,0,290,False,False,False,0,0.42927217,42.927216,Medium,0
2025,742,21,1,114292.48,1,1,0,31520.4,3.625869409353645,0.5,0,21,True,False,False,0,0.5294528,52.945282,Medium,1
2025,731,43,2,0.0,1,1,1,170034.95,0.0,0.3333333333333333,1,86,False,False,True,1,0.6215584,62.15584,High,1
2025,559,43,1,0.0,1,0,1,86634.3,0.0,0.5,1,43,False,False,False,0,0.83340245,83.34025,Very High,1
2025,607,36,10,106702.94,2,0,0,198313.69,0.5380485933745,0.18181818181818182,0,360,True,False,True,0,0.24328025,24.328024,Low,0
2025,547,55,4,111362.76,3,1,0,16922.28,6.580447761899585,0.6,0,220,True,False,True,1,0.9794138,97.94138,Very High,1
2025,652,36,1,0.0,2,1,1,19302.78,0.0,1.0,2,36,False,True,False,0,0.15376143,15.376143,Low,0
2025,604,34,7,0.0,2,1,0,193021.49,0.0,0.25,0,238,False,False,False,0,0.20585886,20.585886,Low,0
2025,735,38,1,0.0,3,0,0,92220.12,0.0,1.5,0,38,False,False,False,1,0.9354265,93.54265,Very High,1
2025,545,45,6,93796.42,2,1,1,162321.26,0.5778407718078838,0.2857142857142857,2,270,True,False,True,0,0.20436428,20.436428,Low,0
2025,506,28,8,53053.76,1,0,1,24577.34,2.1585574941188055,0.1111111111111111,1,224,True,False,True,0,0.36858514,36.858513,Medium,0
2025,525,30,0,157989.21,2,1,1,100687.67,1.5690862735598752,2.0,2,0,True,False,False,0,0.26242357,26.242357,Low,0
2025,620,33,9,127638.35,1,1,1,192717.57,0.6623043643381124,0.1,1,297,False,False,False,0,0.39172152,39.172153,Medium,0
2025,658,43,7,140260.36,2,1,0,2748.72,51.008960912383806,0.25,0,301,False,False,False,0,0.36117718,36.117718,Medium,0
2025,526,32,6,131938.92,2,1,1,1795.93,73.42462978524483,0.2857142857142857,2,192,True,False,False,0,0.18149716,18.149715,Low,0
2025,665,34,1,96645.54,2,0,0,171413.66,0.5638114032953774,1.0,0,34,False,False,False,0,0.19111884,19.111883,Low,0
2025,529,28,9,0.0,2,1,1,52545.24,0.0,0.2,2,252,False,False,True,0,0.023730537,2.3730538,Low,0
2025,543,31,2,147674.26,1,1,1,16658.76,8.864128895014096,0.3333333333333333,1,62,False,False,False,0,0.24144624,24.144625,Low,0
2025,635,48,8,130796.33,2,1,1,43250.3,3.0241017033014037,0.2222222222222222,2,384,False,False,False,0,0.48006782,48.006783,Medium,0
2025,631,38,7,0.0,2,1,0,181605.85,0.0,0.25,0,266,False,True,True,0,0.06882299,6.882299,Low,0
2025,625,22,9,0.0,2,1,0,157072.91,0.0,0.2,0,198,False,False,True,0,0.031113872,3.1113873,Low,0
2025,764,30,5,0.0,2,0,1,105155.66,0.0,0.3333333333333333,2,150,False,False,True,0,0.031357996,3.1357996,Low,0
2025,569,36,1,67087.69,1,1,0,154775.7,0.4334482515779184,0.5,0,36,False,False,True,0,0.37566882,37.566883,Medium,0
2025,667,31,5,0.0,2,1,1,20346.69,0.0,0.3333333333333333,2,155,False,True,True,0,0.026487261,2.648726,Low,0
2025,643,34,7,160426.07,1,0,1,188533.11,0.8509127075201406,0.125,1,238,True,False,False,0,0.61704504,61.704506,High,1
2025,683,38,7,109346.13,2,1,0,102665.92,1.0650570797292838,0.25,0,266,False,False,True,0,0.22405365,22.405365,Low,0
2025,722,34,8,0.0,2,1,1,133447.49,0.0,0.2222222222222222,2,272,False,False,True,0,0.031824738,3.1824737,Low,0
2025,512,36,4,152169.12,2,0,0,38629.3,3.9391130796292027,0.4,0,144,False,False,True,1,0.2381887,23.81887,Low,0
2025,422,54,3,140014.42,1,0,1,86350.97,1.621438630757353,0.25,1,162,False,False,True,0,0.7009058,70.090576,High,1
2025,619,33,3,100488.92,2,0,1,36446.74,2.7570686138564424,0.5,2,99,True,False,False,0,0.15750158,15.750158,Low,0
2025,679,45,3,146758.24,1,1,0,48466.89,3.027947781510604,0.25,0,135,False,False,True,0,0.6712853,67.128525,High,1
2025,581,46,2,79385.21,2,0,0,188492.82,0.42115550525741374,0.6666666666666666,0,92,False,True,True,0,0.28363436,28.363436,Low,0
2025,586,60,3,47020.65,2,0,1,63241.21,0.7435010572843676,0.5,2,180,False,False,False,1,0.34434444,34.434444,Medium,0
2025,643,28,9,160858.13,2,1,0,27149.27,5.924734081834177,0.2,0,252,True,False,True,0,0.18431407,18.431408,Low,0
2025,351,57,4,163146.46,1,1,0,169621.69,0.9618197895576351,0.2,0,228,True,False,False,1,0.9616747,96.167465,Very High,1
2025,670,33,7,0.0,2,1,1,88187.81,0.0,0.25,2,231,False,False,False,0,0.08490646,8.490646,Low,0
2025,599,33,4,51690.89,1,1,0,111622.76,0.4630814263916571,0.2,0,132,False,True,True,1,0.47461113,47.461113,Medium,0
2025,700,46,5,95872.86,1,1,0,98273.01,0.9755667851550985,0.16666666666666666,0,230,False,False,True,1,0.71442807,71.44281,High,1
2025,797,45,8,0.0,1,0,0,125110.02,0.0,0.1111111111111111,0,360,False,False,True,0,0.7392264,73.92264,High,1
2025,699,29,3,125689.29,1,1,1,151623.71,0.8289499119239865,0.25,1,87,False,False,True,0,0.11573406,11.573406,Low,0
2025,680,32,7,175454.0,1,0,1,77349.92,2.268285884641062,0.125,1,224,True,False,True,0,0.53480566,53.480564,Medium,1
2025,678,27,5,87099.85,2,1,0,149550.95,0.5824053113316142,0.3333333333333333,0,135,False,True,False,0,0.1638133,16.381329,Low,0
2025,601,43,2,0.0,1,1,0,49713.87,0.0,0.3333333333333333,0,86,False,False,False,1,0.74955523,74.95552,High,1
2025,701,39,9,0.0,2,1,1,110043.88,0.0,0.2,2,351,False,True,False,0,0.106037125,10.603712,Low,0
2025,652,40,7,100471.34,1,1,1,124550.88,0.8066625730579097,0.125,1,280,False,True,False,0,0.38551933,38.551933,Medium,0
2025,622,43,8,0.0,2,1,0,100618.17,0.0,0.2222222222222222,0,344,False,False,True,0,0.114313245,11.431324,Low,0
2025,709,42,9,118546.71,1,0,1,77142.85,1.53669683325372,0.1,1,378,False,False,True,0,0.30602625,30.602625,Medium,0
2025,710,41,9,149155.53,2,1,0,42131.26,3.540173966457057,0.2,0,369,True,False,False,1,0.4545302,45.453022,Medium,0
2025,541,34,3,128743.55,1,1,0,134851.12,0.9547017132544895,0.25,0,102,False,False,True,0,0.2984072,29.84072,Low,0
2025,767,24,5,0.0,2,1,1,67445.85,0.0,0.3333333333333333,2,120,False,True,False,0,0.037525192,3.7525191,Low,0
2025,691,37,9,149405.18,1,1,1,146411.6,1.0204393610932392,0.1,1,333,False,False,True,0,0.2216545,22.165451,Low,0
2025,756,32,0,109528.16,2,1,1,56176.31,1.9496868041563402,2.0,2,0,True,False,True,0,0.23980995,23.980995,Low,0
2025,718,52,8,79475.3,3,1,1,32421.32,2.45125271726391,0.3333333333333333,3,416,False,False,True,1,0.96854293,96.854294,Very High,1
2025,502,32,1,173340.83,1,0,1,122763.95,1.4119732871638035,0.5,1,32,True,False,False,0,0.6098848,60.98848,High,1
2025,732,42,9,108748.08,2,1,1,65323.11,1.6647464466029465,0.2,2,378,True,False,True,0,0.2215758,22.15758,Low,0
2025,798,22,8,0.0,2,1,0,107615.43,0.0,0.2222222222222222,0,176,False,False,True,0,0.023038618,2.3038619,Low,0
2025,724,45,5,83888.54,1,0,1,34121.81,2.458430006204061,0.16666666666666666,1,225,False,True,True,0,0.38703308,38.70331,Medium,0
2025,491,72,6,91285.22,1,1,1,7032.95,12.977803367951152,0.14285714285714285,1,432,False,False,False,0,0.46585703,46.5857,Medium,0
2025,749,60,6,0.0,1,1,0,17978.68,0.0,0.14285714285714285,0,360,False,False,False,1,0.96770984,96.77098,Very High,1
2025,587,38,0,132122.42,2,0,0,31730.32,4.163785811620822,2.0,0,0,True,False,False,0,0.37596968,37.59697,Medium,0
2025,559,31,1,139183.06,1,0,1,143360.56,0.9708534142625123,0.5,1,31,False,True,False,0,0.26619604,26.619604,Low,0
2025,765,32,9,178095.55,1,0,0,47247.56,3.7693328643243307,0.1,0,288,False,True,False,0,0.46666366,46.666367,Medium,0
2025,849,35,4,110837.73,1,0,0,126419.8,0.8767365022211534,0.2,0,140,False,False,True,0,0.36981505,36.981506,Medium,0
2025,641,37,7,0.0,2,1,0,75248.3,0.0,0.25,0,259,False,False,True,0,0.0716396,7.1639595,Low,0
2025,475,39,6,0.0,1,1,1,56999.9,0.0,0.14285714285714285,1,234,False,False,True,1,0.57992756,57.992756,Medium,1
2025,509,18,7,102983.91,1,1,0,171770.58,0.5995398656751019,0.125,0,126,False,False,True,0,0.19808054,19.808054,Low,0
2025,505,45,9,131355.3,3,1,0,195395.33,0.6722505995890506,0.3,0,405,False,True,False,1,0.99709034,99.70903,Very High,1
2025,541,29,7,127504.57,1,0,0,86173.92,1.4796018377504732,0.125,0,203,False,False,True,0,0.24612235,24.612234,Low,0
2025,646,38,7,0.0,2,1,0,1528.4,0.0,0.25,0,266,False,False,True,0,0.070946336,7.0946336,Low,0
2025,666,39,10,0.0,2,1,0,102999.33,0.0,0.18181818181818182,0,390,False,False,True,0,0.07843532,7.8435316,Low,0
2025,850,24,6,0.0,2,1,1,13159.9,0.0,0.2857142857142857,2,144,False,False,False,0,0.035554264,3.5554264,Low,0
2025,597,24,1,103219.47,1,1,0,60420.07,1.7083356848860836,0.5,0,24,False,False,False,0,0.33156765,33.156765,Medium,0
2025,529,38,7,99842.5,2,1,0,90256.06,1.1062015536513155,0.25,0,266,False,True,True,1,0.26994693,26.994694,Low,0
2025,655,38,3,250898.09,3,0,1,81054.0,3.0954054654247116,0.75,3,114,False,True,True,1,0.9869155,98.69155,Very High,1
2025,734,33,5,121898.58,1,1,0,61829.89,1.9714835092944643,0.16666666666666666,0,165,True,False,True,0,0.5961926,59.61926,Medium,1
2025,613,28,7,76656.4,2,1,1,185483.24,0.4132771603668322,0.25,2,196,True,False,True,0,0.04384611,4.384611,Low,0
2025,669,33,8,0.0,2,0,1,128538.05,0.0,0.2222222222222222,2,264,False,True,False,0,0.052131236,5.2131233,Low,0
2025,627,35,7,0.0,1,1,0,187718.26,0.0,0.125,0,245,False,True,False,0,0.65641606,65.64161,High,1
2025,615,41,1,126773.43,1,1,1,55551.26,2.2820571116278616,0.5,1,41,False,True,True,0,0.30567074,30.567074,Medium,0
2025,622,41,2,127087.06,1,1,0,102402.91,1.2410371830528737,0.3333333333333333,0,82,False,False,True,1,0.5442434,54.42434,Medium,1
2025,624,36,6,0.0,2,0,0,84749.96,0.0,0.2857142857142857,0,216,False,False,True,0,0.07006213,7.006213,Low,0
2025,663,24,7,0.0,2,1,1,166310.82,0.0,0.25,2,168,False,False,True,0,0.01746952,1.7469519,Low,0
2025,601,47,1,142802.02,1,1,1,57553.02,2.4811823744023442,0.5,1,47,True,False,False,0,0.78411555,78.41155,High,1
2025,644,35,5,161591.11,3,1,1,63795.62,2.5329102074686713,0.5,3,175,True,False,True,0,0.9555445,95.55444,Very High,1
2025,563,42,6,99056.22,2,1,0,154347.95,0.6417680198018839,0.2857142857142857,0,252,False,True,False,1,0.42465797,42.465797,Medium,0
2025,750,35,3,0.0,1,1,0,191520.5,0.0,0.25,0,105,False,False,False,0,0.59666264,59.666264,Medium,1
2025,629,49,4,0.0,2,1,1,196335.48,0.0,0.4,2,196,False,False,False,0,0.23373985,23.373985,Low,0
2025,570,38,1,127201.58,1,1,0,147168.28,0.8643215486275396,0.5,0,38,True,False,True,1,0.6399214,63.99214,High,1
2025,850,27,1,101278.25,2,1,1,26265.18,3.855842379820743,1.0,2,27,True,False,True,0,0.087257154,8.725716,Low,0
2025,633,50,7,88302.65,1,1,1,195937.16,0.4506659141843528,0.125,1,350,True,False,True,0,0.6822424,68.22424,High,1
2025,762,29,10,115545.33,2,1,0,148256.43,0.779356083536589,0.18181818181818182,0,290,False,True,True,0,0.10760703,10.760703,Low,0
2025,445,30,3,0.0,2,1,1,127939.19,0.0,0.5,2,90,False,False,False,0,0.12031506,12.031506,Low,0
2025,614,41,3,123475.04,1,1,1,179227.52,0.688925177756308,0.25,1,123,False,False,False,0,0.56219685,56.219685,Medium,1
2025,658,44,2,168396.34,1,1,1,14178.73,11.875849540153444,0.3333333333333333,1,88,False,False,True,0,0.4506943,45.069427,Medium,0
2025,549,34,4,0.0,2,0,0,139463.57,0.0,0.4,0,136,False,False,False,0,0.14619473,14.6194725,Low,0
2025,594,34,7,141525.55,1,0,0,9443.15,14.985525431086968,0.125,0,238,False,False,False,0,0.38577953,38.577953,Medium,0
2025,742,44,8,107926.02,1,0,1,17375.27,6.211115504075385,0.1111111111111111,1,352,True,False,False,1,0.85296535,85.29654,Very High,1
2025,411,36,10,0.0,1,0,0,120694.35,0.0,0.09090909090909091,0,360,False,False,False,0,0.72935206,72.9352,High,1
2025,746,24,10,68781.82,1,0,1,47997.39,1.4330026486305063,0.09090909090909091,1,240,False,True,True,0,0.09122642,9.1226425,Low,0
2025,706,42,9,0.0,2,1,1,28714.34,0.0,0.2,2,378,False,True,True,0,0.045532554,4.5532556,Low,0
2025,607,27,2,0.0,2,1,0,63495.86,0.0,0.6666666666666666,0,54,False,False,False,0,0.12106024,12.106024,Low,0
2025,615,32,1,0.0,2,0,0,2139.25,0.0,1.0,0,32,False,False,True,0,0.06131406,6.1314063,Low,0
2025,488,33,4,140002.35,1,1,0,123613.81,1.1325693903505576,0.2,0,132,True,False,False,0,0.6498729,64.98729,High,1
2025,764,34,6,108760.27,2,1,0,166324.79,0.6538990134963435,0.2857142857142857,0,204,True,False,True,1,0.16855676,16.855677,Low,0
2025,622,47,6,142319.03,1,0,0,100183.05,1.4205757303682571,0.14285714285714285,0,282,False,True,False,0,0.73779976,73.779976,High,1
2025,709,32,7,0.0,2,1,1,199418.02,0.0,0.25,2,224,False,False,False,0,0.08337359,8.337359,Low,0
2025,540,35,7,128369.75,2,1,0,198256.15,0.647491149751724,0.25,0,245,True,False,False,0,0.35605794,35.605793,Medium,0
2025,544,26,6,0.0,1,1,0,100200.4,0.0,0.14285714285714285,0,156,False,False,False,1,0.4377312,43.77312,Medium,0
2025,850,25,8,69385.17,2,1,0,87834.24,0.7899468368276786,0.2222222222222222,0,200,True,False,False,0,0.12414368,12.414369,Low,0
2025,582,32,1,116409.55,1,0,1,152790.92,0.7618828927602977,0.5,1,32,False,False,False,0,0.23242529,23.242529,Low,0
2025,537,47,6,103163.35,1,1,0,16259.64,6.344359754597606,0.14285714285714285,0,282,True,False,False,1,0.9002568,90.02568,Very High,1
2025,613,44,9,100524.69,1,1,1,47298.95,2.125259963276917,0.1,1,396,False,True,True,0,0.2688819,26.88819,Low,0
2025,562,36,6,0.0,2,1,0,32845.32,0.0,0.2857142857142857,0,216,False,False,True,0,0.07179019,7.179019,Low,0
2025,754,39,3,74896.33,1,0,0,34430.16,2.175248524882693,0.25,0,117,False,False,True,0,0.42652756,42.652756,Medium,0
2025,470,31,2,101675.22,2,1,0,45033.75,2.2577058826794865,0.6666666666666666,0,62,False,True,False,0,0.27702346,27.702347,Low,0
2025,672,34,1,142151.75,2,1,1,168753.34,0.8423590765132322,1.0,2,34,False,False,False,0,0.19689614,19.689613,Low,0
2025,663,22,6,0.0,2,0,1,131827.15,0.0,0.2857142857142857,2,132,False,False,True,0,0.015460476,1.5460477,Low,0
2025,573,44,9,0.0,2,1,0,107124.17,0.0,0.2,0,396,False,True,True,0,0.102914385,10.291438,Low,0
2025,698,40,0,92053.44,1,1,1,143681.83,0.6406711226386619,1.0,1,0,False,True,False,0,0.48548177,48.548176,Medium,0
2025,519,34,5,0.0,1,1,0,68479.6,0.0,0.16666666666666666,0,170,False,False,True,0,0.52400005,52.400005,Medium,1
2025,584,32,5,0.0,2,1,0,10956.82,0.0,0.3333333333333333,0,160,False,True,True,0,0.064359464,6.4359465,Low,0
2025,850,32,7,0.0,2,0,0,155227.0,0.0,0.25,0,224,False,False,False,0,0.09831063,9.831062,Low,0
2025,774,49,1,142767.39,1,1,1,8214.41,17.3779993938221,0.5,1,49,False,False,True,0,0.5708215,57.082153,Medium,1
2025,594,23,4,104753.84,2,1,0,56756.52,1.845638075800352,0.4,0,92,True,False,False,1,0.15869278,15.869278,Low,0
2025,701,38,3,125385.49,2,0,1,52044.66,2.4091440093179717,0.5,2,114,True,False,True,0,0.17258804,17.258804,Low,0
2025,597,40,9,106756.01,2,1,0,151167.94,0.7062033378020643,0.2,0,360,True,False,False,0,0.42215258,42.21526,Medium,0
2025,695,46,4,0.0,2,1,1,137537.22,0.0,0.4,2,184,False,False,True,0,0.084962346,8.496235,Low,0
2025,574,36,4,77967.5,1,1,0,167066.95,0.46668137126241144,0.2,0,144,False,True,True,1,0.49239424,49.239426,Medium,0
2025,634,45,9,0.0,2,0,0,17622.82,0.0,0.2,0,405,False,False,True,0,0.1481666,14.81666,Low,0
2025,650,32,2,84906.45,1,1,0,163216.48,0.5202043923236653,0.3333333333333333,0,64,False,False,True,0,0.27112156,27.112156,Low,0
2025,685,40,2,168001.34,2,1,1,167400.29,1.003584500453969,0.6666666666666666,2,80,False,False,True,0,0.1683104,16.83104,Low,0
2025,682,58,1,0.0,1,1,1,706.5,0.0,0.5,1,58,False,False,False,0,0.80568683,80.56868,Very High,1
2025,669,37,4,0.0,1,1,0,132540.33,0.0,0.2,0,148,False,False,True,0,0.5629398,56.293983,Medium,1
2025,839,33,10,75592.43,1,1,0,62674.42,1.2060937126548175,0.09090909090909091,0,330,False,True,False,0,0.49206787,49.206787,Medium,0
2025,450,29,7,117199.8,1,1,1,43480.63,2.695386534497442,0.125,1,203,False,False,True,0,0.1313385,13.133851,Low,0
2025,850,42,6,84445.68,3,0,1,60021.34,1.4069041626834276,0.42857142857142855,3,252,True,False,True,1,0.9347089,93.47089,Very High,1
2025,527,31,4,0.0,1,1,0,169361.89,0.0,0.2,0,124,False,False,True,0,0.5338657,53.38657,Medium,1
2025,792,34,1,0.0,1,0,1,86330.32,0.0,0.5,1,34,False,False,True,0,0.25652573,25.652573,Low,0
2025,531,42,2,0.0,2,0,1,90537.47,0.0,0.6666666666666666,2,84,False,False,False,0,0.19391946,19.391947,Low,0
2025,535,37,3,175534.78,2,1,1,9241.52,18.992090901615576,0.5,2,111,False,True,True,0,0.3645212,36.45212,Medium,0
2025,751,29,1,135536.5,1,1,0,66825.33,2.028190086153167,0.5,0,29,False,False,True,0,0.27990264,27.990263,Low,0
2025,556,51,8,61354.14,1,1,0,198810.65,0.30860434989599456,0.1111111111111111,0,408,False,False,False,1,0.9302329,93.023285,Very High,1
2025,584,37,10,134171.8,4,1,1,70927.11,1.891659033350811,0.36363636363636365,4,370,True,False,False,1,0.9998699,99.98699,Very High,1
2025,763,35,7,115651.6,2,1,1,104706.29,1.1045229038016362,0.25,2,245,False,False,False,0,0.16734096,16.734097,Low,0
2025,652,36,9,150956.71,1,0,0,72350.17,2.0864446283315115,0.1,0,324,True,False,True,0,0.617271,61.7271,High,1
2025,436,43,5,0.0,2,1,1,35687.43,0.0,0.3333333333333333,2,215,False,True,True,0,0.0677527,6.7752695,Low,0
2025,646,52,8,59669.43,1,0,0,172495.81,0.3459161360723135,0.1111111111111111,0,416,False,False,True,1,0.9083112,90.831116,Very High,1
2025,694,31,4,141989.27,2,1,0,26116.82,5.436490105223177,0.4,0,124,True,False,True,0,0.22318746,22.318747,Low,0
2025,608,45,4,0.0,2,0,0,36697.48,0.0,0.4,0,180,False,True,True,1,0.14127944,14.127944,Low,0
2025,558,27,1,152283.39,1,1,0,183271.15,0.8309139713808127,0.5,0,27,False,False,True,0,0.16063218,16.063217,Low,0
2025,679,40,1,0.0,1,1,1,16897.19,0.0,0.5,1,40,False,False,True,0,0.47168314,47.168316,Medium,0
2025,577,35,10,0.0,2,1,1,25161.61,0.0,0.18181818181818182,2,350,False,False,False,0,0.09197481,9.197481,Low,0
2025,683,32,9,0.0,2,1,1,24991.92,0.0,0.2,2,288,False,False,False,0,0.067788765,6.7788763,Low,0
2025,591,29,1,97541.24,1,1,1,196356.17,0.4967541546865846,0.5,1,29,False,True,True,0,0.18310401,18.3104,Low,0
2025,636,45,3,0.0,2,1,1,159463.8,0.0,0.5,2,135,False,True,True,0,0.057567306,5.7567306,Low,0
2025,708,64,5,0.0,3,0,1,112520.07,0.0,0.5,3,320,False,True,False,1,0.9728346,97.28346,Very High,1
2025,699,34,4,185173.81,2,1,0,120834.48,1.5324456856545776,0.4,0,136,True,False,True,0,0.22525431,22.52543,Low,0
2025,707,31,2,82787.93,2,0,0,91423.69,0.9055314270138624,0.6666666666666666,0,62,False,False,False,0,0.17091127,17.091127,Low,0
2025,597,33,6,135703.59,2,0,0,74850.84,1.8129626472776088,0.2857142857142857,0,198,False,False,False,0,0.2689977,26.89977,Low,0
2025,609,26,7,0.0,2,1,0,98463.99,0.0,0.25,0,182,False,False,True,0,0.041410666,4.1410666,Low,0
2025,522,25,5,94049.92,2,1,0,103269.0,0.9107186985571802,0.3333333333333333,0,125,True,False,False,0,0.18563856,18.563856,Low,0
2025,596,39,9,0.0,1,1,0,48963.59,0.0,0.1,0,351,False,False,True,0,0.6007116,60.07116,High,1
2025,591,56,9,128882.49,1,1,1,196241.94,0.6567496899506295,0.1,1,504,False,False,False,1,0.48671567,48.671566,Medium,0
2025,654,36,5,0.0,2,0,0,157238.05,0.0,0.3333333333333333,0,180,False,True,False,0,0.13358688,13.358688,Low,0
2025,649,20,5,0.0,2,1,1,58309.54,0.0,0.3333333333333333,2,100,False,True,True,0,0.012854844,1.2854844,Low,0
2025,640,29,4,0.0,2,1,0,44904.26,0.0,0.4,0,116,False,False,False,0,0.122962065,12.296206,Low,0
2025,600,39,5,0.0,2,0,0,118272.07,0.0,0.3333333333333333,0,195,False,False,False,0,0.19643332,19.643332,Low,0
2025,631,32,10,0.0,2,0,1,196342.66,0.0,0.18181818181818182,2,320,False,False,True,0,0.03100659,3.100659,Low,0
2025,850,44,2,112755.34,2,0,0,158171.36,0.712863739277836,0.6666666666666666,0,88,True,False,True,0,0.3120606,31.206059,Medium,0
2025,556,43,6,0.0,3,0,0,125154.57,0.0,0.42857142857142855,0,258,False,False,False,1,0.94786227,94.786224,Very High,1
2025,717,49,1,110864.38,2,1,1,124532.9,0.8902345465772774,1.0,2,49,False,True,False,1,0.4736492,47.36492,Medium,0
2025,758,61,2,0.0,2,1,1,43982.41,0.0,0.6666666666666666,2,122,False,True,True,0,0.14342776,14.342776,Low,0
2025,515,40,10,121355.99,1,1,0,138360.29,0.8770949591464491,0.09090909090909091,0,400,False,True,True,0,0.5377791,53.77791,Medium,1
2025,649,37,8,114737.26,1,1,1,106655.88,1.075760513527116,0.1111111111111111,1,296,True,False,False,1,0.65232277,65.23228,High,1
2025,566,36,1,142120.91,1,1,0,79616.37,1.785049041434049,0.5,0,36,False,False,True,0,0.2852377,28.52377,Low,0
2025,760,34,6,58003.41,1,1,0,90346.1,0.64200632892478,0.14285714285714285,0,204,True,False,False,0,0.65651894,65.65189,High,1
2025,662,37,5,94901.09,1,1,1,48233.75,1.9674838161284136,0.16666666666666666,1,185,False,True,True,0,0.22387937,22.387938,Low,0
2025,559,27,1,0.0,1,0,1,1050.33,0.0,0.5,1,27,False,True,False,0,0.18440521,18.440521,Low,0
2025,605,19,8,166133.28,1,1,1,107994.99,1.5383282286684903,0.1111111111111111,1,152,True,False,True,0,0.33170652,33.170654,Medium,0
2025,646,32,1,0.0,2,1,0,183289.22,0.0,1.0,0,32,False,True,True,0,0.06030595,6.030595,Low,0
2025,753,38,6,142263.45,1,0,1,33730.43,4.217533914215911,0.14285714285714285,1,228,False,False,False,0,0.2779623,27.79623,Low,0
2025,696,36,3,0.0,3,1,0,65039.9,0.0,0.75,0,108,False,True,False,0,0.9531011,95.31011,Very High,1
2025,521,22,5,0.0,2,1,1,99828.45,0.0,0.3333333333333333,2,110,False,False,True,0,0.019492578,1.9492577,Low,0
2025,632,27,4,193125.85,1,1,1,152665.85,1.265014965593382,0.2,1,108,False,False,True,0,0.15112138,15.112138,Low,0
2025,706,18,2,176139.5,2,1,0,129654.22,1.358522240755135,0.6666666666666666,0,36,False,False,True,0,0.072742,7.2742,Low,0
2025,821,38,8,0.0,2,0,1,126241.4,0.0,0.2222222222222222,2,304,False,True,False,1,0.071911104,7.1911106,Low,0
2025,620,44,8,0.0,2,1,1,15627.51,0.0,0.2222222222222222,2,352,False,True,True,0,0.057850298,5.78503,Low,0
2025,648,37,7,138503.51,2,1,0,57215.85,2.4206769509331605,0.25,0,259,True,False,False,0,0.3293205,32.93205,Medium,0
2025,428,62,1,107735.93,1,0,1,58381.77,1.8453377597534342,0.5,1,62,False,False,False,0,0.75033313,75.03331,High,1
2025,542,59,2,68892.77,2,1,0,7905.06,8.713919449131426,0.6666666666666666,0,118,False,False,False,1,0.5920782,59.20782,Medium,1
2025,504,40,5,0.0,2,0,0,146703.36,0.0,0.3333333333333333,0,200,False,True,True,0,0.09779605,9.779605,Low,0
2025,817,44,8,0.0,1,0,0,65501.91,0.0,0.1111111111111111,0,352,False,False,True,1,0.6630629,66.30629,High,1
2025,696,66,7,119499.42,2,1,1,174027.3,0.6866665938815699,0.25,2,462,True,False,False,0,0.40936917,40.936916,Medium,0
2025,529,32,9,147493.89,1,1,0,33656.35,4.382219336935321,0.1,0,288,False,False,True,0,0.40926602,40.9266,Medium,0
2025,540,25,5,116160.23,1,1,0,13411.67,8.660485197950893,0.16666666666666666,0,125,False,False,True,0,0.261937,26.193699,Low,0
2025,616,23,8,73112.95,1,1,1,62733.05,1.165442849616755,0.1111111111111111,1,184,False,False,True,0,0.10732929,10.732928,Low,0
2025,696,31,8,122021.92,2,1,0,33828.64,3.6069529560468276,0.2222222222222222,0,248,True,False,False,0,0.2126297,21.26297,Low,0
2025,596,36,2,0.0,2,0,1,125557.95,0.0,0.6666666666666666,2,72,False,True,True,0,0.056709625,5.6709623,Low,0
2025,632,27,3,107375.82,1,1,1,62703.38,1.7124133912176471,0.25,1,81,False,False,False,0,0.18813722,18.813723,Low,0
2025,814,29,8,97086.4,2,1,1,197276.13,0.49213205808498933,0.2222222222222222,2,232,True,False,True,0,0.036856778,3.6856778,Low,0
2025,750,34,9,112822.26,1,0,0,150401.53,0.750135386685317,0.1,0,306,False,True,False,1,0.46386513,46.386513,Medium,0
2025,595,53,7,0.0,2,1,0,41371.68,0.0,0.25,0,371,False,False,False,1,0.43795404,43.795403,Medium,0
2025,646,45,3,47134.75,1,1,1,57236.44,0.823495075950287,0.25,1,135,False,False,False,0,0.6889751,68.89751,High,1
2025,747,32,5,67495.04,2,0,1,77370.37,0.8723516205025191,0.3333333333333333,2,160,True,False,False,0,0.10798258,10.798259,Low,0
2025,646,26,4,139848.17,1,1,0,164696.27,0.8491225750129314,0.2,0,104,False,False,True,0,0.22464104,22.464104,Low,0
2025,678,36,3,145747.67,2,0,1,89566.74,1.6272339795555855,0.5,2,108,True,False,True,0,0.1411394,14.11394,Low,0
2025,554,26,8,149134.46,1,1,1,177966.24,0.837988272448345,0.1111111111111111,1,208,False,True,True,0,0.21536995,21.536995,Low,0
2025,655,24,9,107065.31,1,1,1,51959.82,2.0605007773164474,0.1,1,216,False,False,True,0,0.11975332,11.975332,Low,0
2025,794,38,9,179581.31,1,1,0,23596.24,7.610267556714259,0.1,0,342,False,True,True,0,0.56139565,56.139565,Medium,1
2025,727,59,5,152581.06,1,1,0,71830.1,2.124164324366465,0.16666666666666666,0,295,True,False,True,1,0.9584992,95.84992,Very High,1
2025,677,58,1,90022.85,1,0,1,2988.28,30.11522841620725,0.5,1,58,False,False,False,0,0.77471066,77.47107,High,1
2025,616,29,8,149318.55,1,1,0,140746.13,1.0608994300629788,0.1111111111111111,0,232,True,False,True,0,0.5688162,56.88162,Medium,1
2025,595,32,0,92466.21,1,1,0,4721.3,19.58075725811575,1.0,0,0,True,False,False,0,0.6834332,68.343315,High,1
2025,723,28,5,91938.31,1,1,0,143481.85,0.6407616659412605,0.16666666666666666,0,140,True,False,False,0,0.5889907,58.89907,Medium,1
2025,815,37,2,110777.26,2,1,0,2383.59,46.455474526019145,0.6666666666666666,0,74,True,False,True,0,0.28408045,28.408045,Low,0
2025,790,26,4,141581.71,2,0,0,98309.27,1.4401517766149965,0.4,0,104,False,False,False,0,0.13828194,13.828194,Low,0
2025,663,37,8,155303.71,1,1,0,118716.63,1.3081773111542068,0.1111111111111111,0,296,True,False,False,0,0.7149695,71.49695,High,1
2025,542,42,1,0.0,1,1,1,178256.58,0.0,0.5,1,42,False,False,False,1,0.7543613,75.43613,High,1
2025,712,45,6,112994.65,1,0,0,198398.68,0.5695304044845233,0.14285714285714285,0,270,False,True,True,0,0.6397548,63.97548,High,1
2025,787,42,2,74483.97,2,0,1,44273.91,1.6823065252984137,0.6666666666666666,2,84,True,False,False,0,0.328929,32.892902,Medium,0
2025,850,62,5,0.0,2,1,1,180243.56,0.0,0.3333333333333333,2,310,False,True,True,0,0.11150024,11.150024,Low,0
2025,483,50,9,0.0,2,1,1,111020.24,0.0,0.2,2,450,False,False,False,0,0.22823496,22.823496,Low,0
2025,704,36,8,127397.34,1,1,0,151335.24,0.8418164743619903,0.1111111111111111,0,288,False,True,True,0,0.44535777,44.535778,Medium,0
2025,716,29,10,87946.39,1,1,1,182531.74,0.4818115917177379,0.09090909090909091,1,290,False,False,False,0,0.3327384,33.27384,Medium,0
2025,597,26,8,149989.39,1,1,0,42330.58,3.5432032066839936,0.1111111111111111,0,208,False,False,False,0,0.4817355,48.17355,Medium,0
2025,748,44,2,92911.52,1,0,1,85495.24,1.086732235242158,0.3333333333333333,1,88,False,False,True,0,0.49619886,49.619884,Medium,0
2025,850,33,10,0.0,1,1,0,4861.72,0.0,0.09090909090909091,0,330,False,False,True,1,0.40906236,40.906235,Medium,0
2025,648,55,1,81370.07,1,0,1,181534.04,0.4482334099246074,0.5,1,55,False,True,True,0,0.6529728,65.29728,High,1
2025,578,50,5,151215.34,2,1,0,169804.4,0.8905213850678483,0.3333333333333333,0,250,False,False,True,0,0.7104511,71.04511,High,1
2025,607,37,4,135927.06,1,0,0,180890.4,0.7514290894978977,0.2,0,148,True,False,False,0,0.6780884,67.808846,High,1
2025,850,41,8,132838.07,1,1,1,175347.28,0.7575669975205916,0.1111111111111111,1,328,False,True,True,0,0.14521216,14.521215,Low,0
2025,509,35,8,0.0,2,0,1,67431.28,0.0,0.2222222222222222,2,280,False,False,True,0,0.049490333,4.9490333,Low,0
2025,465,41,9,117221.15,1,1,0,168280.95,0.6965758953946041,0.1,0,369,False,False,True,0,0.64808774,64.80878,High,1
2025,710,40,5,0.0,2,0,0,162878.96,0.0,0.3333333333333333,0,200,False,False,True,0,0.08343583,8.343583,Low,0
2025,591,39,3,0.0,3,1,0,140469.38,0.0,0.75,0,117,False,True,False,1,0.9698845,96.98845,Very High,1
2025,728,46,2,109705.52,1,1,0,20276.87,5.410110627990021,0.3333333333333333,0,92,False,False,False,1,0.7488378,74.88378,High,1
2025,492,45,9,170295.04,2,0,0,164741.81,1.0337024116560838,0.2,0,405,True,False,True,0,0.4764843,47.64843,Medium,0
2025,616,36,10,78249.53,1,1,0,136934.91,0.5714317741781538,0.09090909090909091,0,360,True,False,False,0,0.68800175,68.80018,High,1
2025,646,24,8,0.0,2,0,0,92612.88,0.0,0.2222222222222222,0,192,False,False,True,0,0.028985402,2.8985403,Low,0
2025,779,71,3,0.0,2,1,1,146895.36,0.0,0.5,2,213,False,False,True,1,0.21436343,21.436342,Low,0
2025,683,39,2,100062.16,2,1,0,109201.43,0.9162997563332612,0.6666666666666666,0,78,True,False,False,0,0.35018605,35.018604,Medium,0
2025,463,35,2,0.0,2,1,1,1950.93,0.0,0.6666666666666666,2,70,False,True,False,0,0.12213746,12.213746,Low,0
2025,736,63,10,0.0,2,0,1,502.7,0.0,0.18181818181818182,2,630,False,False,False,0,0.24034022,24.034021,Low,0
2025,640,63,2,68432.45,2,1,1,112503.24,0.6082655195928615,0.6666666666666666,2,126,False,False,True,1,0.26179639,26.179638,Low,0
2025,670,33,9,84521.48,2,0,1,198017.05,0.4268372504425733,0.2,2,297,True,False,False,0,0.1087043,10.87043,Low,0
2025,549,31,4,0.0,2,0,1,25684.85,0.0,0.4,2,124,False,False,True,0,0.040631533,4.0631533,Low,0
2025,579,39,5,0.0,2,0,1,39891.84,0.0,0.3333333333333333,2,195,False,False,True,0,0.070668414,7.0668416,Low,0
2025,594,49,4,0.0,2,1,1,23631.55,0.0,0.4,2,196,False,False,False,0,0.1812812,18.128119,Low,0
2025,515,25,7,79543.59,1,0,1,38772.82,2.0514767438441712,0.125,1,175,False,False,False,0,0.12577088,12.577088,Low,0
2025,593,46,2,76597.79,1,1,1,54453.72,1.4066327032808175,0.3333333333333333,1,92,False,True,False,0,0.54421276,54.421276,Medium,1
2025,750,26,1,151510.17,2,1,1,19921.72,7.604893809680606,1.0,2,26,False,False,False,0,0.15087888,15.087888,Low,0
2025,526,30,8,0.0,1,1,0,36251.0,0.0,0.1111111111111111,0,240,False,True,True,0,0.46188325,46.188324,Medium,0
2025,506,59,8,119152.1,2,1,1,170679.74,0.6980992700172264,0.2222222222222222,2,472,True,False,True,0,0.3711896,37.118958,Medium,0
2025,607,34,9,132439.99,1,1,0,177747.72,0.7450967298104875,0.1,0,306,False,True,True,0,0.4450874,44.50874,Medium,0
2025,708,67,1,0.0,2,0,1,3837.08,0.0,1.0,2,67,False,False,False,0,0.30174413,30.174414,Medium,0
2025,683,34,9,114609.55,2,0,1,25339.29,4.522819194255472,0.2,2,306,False,True,True,0,0.09781128,9.781128,Low,0
2025,730,41,4,167545.32,1,1,0,128246.81,1.3064185657439298,0.2,0,164,False,False,False,0,0.6270884,62.708843,High,1
2025,551,45,6,0.0,2,1,1,51143.43,0.0,0.2857142857142857,2,270,False,False,False,0,0.16519596,16.519596,Low,0
2025,530,37,8,0.0,2,1,1,287.99,0.0,0.2222222222222222,2,296,False,False,True,0,0.046312056,4.6312056,Low,0
2025,786,33,0,83036.05,1,0,1,154990.58,0.5357455546940034,1.0,1,0,False,False,False,1,0.15656532,15.656532,Low,0
2025,574,30,5,120355.0,1,1,0,137793.35,0.8734392955879541,0.16666666666666666,0,150,False,True,True,0,0.43345153,43.345154,Medium,0
2025,723,40,7,142856.95,2,0,0,38019.74,3.7573427029563344,0.25,0,280,False,False,False,0,0.32475245,32.475246,Medium,0
2025,543,37,3,0.0,2,1,1,78915.68,0.0,0.5,2,111,False,True,True,0,0.051638868,5.1638865,Low,0
2025,807,31,1,141069.18,3,1,1,194257.11,0.7261945460089156,1.5,3,31,True,False,False,0,0.9361107,93.61107,Very High,1
2025,598,27,8,90721.52,2,1,0,109296.18,0.8300444714127118,0.2222222222222222,0,216,False,True,True,0,0.10984245,10.984245,Low,0
2025,604,28,6,0.0,2,1,1,69056.26,0.0,0.2857142857142857,2,168,False,True,False,0,0.058297783,5.829778,Low,0
2025,780,26,3,140356.7,1,1,0,117144.15,1.1981434997522307,0.25,0,78,False,False,False,0,0.43671513,43.671513,Medium,0
2025,453,28,3,139986.65,1,1,0,136846.75,1.0229371692263847,0.25,0,84,True,False,False,0,0.58034265,58.034264,Medium,1
2025,569,42,9,146100.75,1,1,0,32574.01,4.485056182638163,0.1,0,378,True,False,False,1,0.8078749,80.78749,Very High,1
2025,768,36,3,141334.95,1,0,1,125870.5,1.1228510822545215,0.25,1,108,False,False,False,0,0.21396792,21.396791,Low,0
2025,723,34,5,0.0,2,0,1,12092.03,0.0,0.3333333333333333,2,170,False,False,True,0,0.0399224,3.9922402,Low,0
2025,604,53,2,121389.78,1,1,1,48201.64,2.518322232973132,0.3333333333333333,1,106,False,False,False,1,0.61703527,61.703526,High,1
2025,594,28,0,142574.71,2,1,0,129084.82,1.1044955208868021,2.0,0,0,True,False,True,0,0.163385,16.338501,Low,0
2025,675,61,5,62055.17,3,1,0,166305.16,0.3731381327065696,0.5,0,305,False,False,False,1,0.9853696,98.536964,Very High,1
2025,654,37,2,145610.07,2,0,0,186300.59,0.7815825404388659,0.6666666666666666,0,74,True,False,True,0,0.18533006,18.533007,Low,0
2025,566,63,2,120787.18,2,1,1,52198.84,2.313937743870479,0.6666666666666666,2,126,False,True,True,0,0.32488418,32.48842,Medium,0
2025,596,37,2,0.0,1,0,1,121175.86,0.0,0.3333333333333333,1,74,False,False,True,0,0.6836168,68.36168,High,1
2025,616,30,2,0.0,2,1,0,199099.51,0.0,0.6666666666666666,0,60,False,True,True,0,0.047425956,4.7425957,Low,0
2025,731,33,1,0.0,1,1,0,130726.96,0.0,0.5,0,33,False,True,True,0,0.52847236,52.847237,Medium,1
2025,727,46,3,115248.11,4,1,0,130752.01,0.8814184086469596,1.0,0,138,True,False,True,1,0.9995836,99.95836,Very High,1
2025,561,28,3,0.0,2,1,0,191387.76,0.0,0.5,0,84,False,True,False,0,0.1233272,12.332721,Low,0
2025,651,25,8,0.0,2,1,1,126761.2,0.0,0.2222222222222222,2,200,False,False,False,0,0.04566257,4.566257,Low,0
2025,599,41,2,91328.71,1,1,0,115724.78,0.7891820647050295,0.3333333333333333,0,82,False,False,False,0,0.608672,60.867203,High,1
2025,587,41,8,85109.21,1,1,0,1557.82,54.598484751286236,0.1111111111111111,0,328,False,True,True,0,0.5616206,56.16206,Medium,1
2025,686,38,2,93569.86,3,0,0,10137.34,9.229307756496626,1.0,0,76,True,False,False,1,0.955968,95.5968,Very High,1
2025,724,34,6,118235.7,2,0,0,157137.23,0.752431155677393,0.2857142857142857,0,204,True,False,True,0,0.1873708,18.737082,Low,0
2025,720,21,2,123200.78,1,1,1,180712.28,0.6817472407119167,0.3333333333333333,1,42,False,True,True,0,0.12536974,12.536974,Low,0
2025,806,48,4,164701.68,1,1,1,21439.49,7.681805779625371,0.2,1,192,False,False,True,0,0.5730361,57.303608,Medium,1
2025,769,29,4,145471.37,1,1,0,188382.77,0.772207552699471,0.2,0,116,False,False,True,0,0.2929938,29.299381,Low,0
2025,613,37,9,108286.5,1,1,1,114153.44,0.9485964803471507,0.1,1,333,False,False,True,0,0.2097937,20.97937,Low,0
2025,591,38,2,142289.28,1,0,1,119638.85,1.1893134269225512,0.3333333333333333,1,76,False,False,False,0,0.36515036,36.515038,Medium,0
2025,807,35,3,174790.15,1,1,1,600.36,290.65809165890647,0.25,1,105,False,False,True,0,0.20479201,20.4792,Low,0
2025,655,61,2,183997.7,2,1,1,161217.18,1.1412962235400501,0.6666666666666666,2,122,True,False,False,0,0.53714216,53.714214,Medium,1
2025,553,39,1,142876.98,2,1,0,44363.42,3.2205307766899693,1.0,0,39,False,True,False,0,0.5265851,52.65851,Medium,1
2025,669,50,4,149713.61,3,1,1,124872.42,1.1989229573435243,0.6,3,200,False,False,True,1,0.9872156,98.72156,Very High,1
2025,635,41,4,103544.88,2,1,0,193746.55,0.5344319450749184,0.4,0,164,False,False,True,0,0.20180516,20.180515,Low,0
2025,749,37,7,0.0,2,1,0,20306.79,0.0,0.25,0,259,False,False,True,0,0.065837964,6.5837965,Low,0
2025,691,26,9,136623.19,1,1,0,153228.0,0.8916274987110795,0.1,0,234,False,False,True,0,0.3349507,33.495068,Medium,0
2025,589,21,3,0.0,2,0,1,55601.44,0.0,0.5,2,63,False,False,False,0,0.048085332,4.808533,Low,0
2025,778,33,9,151772.63,2,0,0,180249.94,0.8420074258697348,0.2,0,297,False,False,False,1,0.21789035,21.789036,Low,0
2025,541,32,4,0.0,1,1,1,114951.42,0.0,0.2,1,128,False,False,False,0,0.42904776,42.904778,Medium,0
2025,758,50,2,95813.76,3,1,1,67944.09,1.4101645902595759,1.0,3,100,False,False,False,1,0.99042255,99.04225,Very High,1
2025,559,29,3,79715.36,1,1,0,82252.28,0.9691450602334643,0.25,0,87,False,False,False,0,0.41658753,41.658752,Medium,0
2025,690,42,5,0.0,2,0,1,120512.08,0.0,0.3333333333333333,2,210,False,False,False,0,0.1791986,17.919859,Low,0
2025,846,34,10,142388.61,2,0,1,68393.64,2.0818679650920013,0.18181818181818182,2,340,False,False,False,1,0.12401685,12.401685,Low,0
2025,567,40,4,118628.8,1,0,0,91973.63,1.2897991543972507,0.2,0,160,False,True,True,0,0.46449664,46.449665,Medium,0
2025,486,40,9,71340.09,1,1,0,76192.21,0.9363050854531525,0.1,0,360,True,False,False,0,0.7768899,77.688995,High,1
2025,707,48,7,105086.74,1,1,1,180344.69,0.5826961542579698,0.125,1,336,True,False,False,1,0.7491747,74.91747,High,1
2025,581,47,1,122949.14,1,0,0,180251.68,0.6820932704024151,0.5,0,47,False,False,False,1,0.8145268,81.45268,Very High,1
2025,460,40,6,119507.58,2,1,0,91560.63,1.3052146406742648,0.2857142857142857,0,240,True,False,False,1,0.3868791,38.68791,Medium,0
2025,607,40,1,112544.45,1,1,1,19842.22,5.671682821638826,0.5,1,40,False,True,True,0,0.3157567,31.57567,Medium,0
2025,701,35,9,0.0,2,0,0,170996.86,0.0,0.2,0,315,False,True,False,0,0.10484346,10.484346,Low,0
2025,600,32,7,98877.95,1,1,0,132973.21,0.743587421951971,0.125,0,224,False,False,False,0,0.45369688,45.369686,Medium,0
2025,426,34,9,0.0,2,1,0,107876.91,0.0,0.2,0,306,False,False,True,0,0.08047242,8.047242,Low,0
2025,787,39,7,171646.76,1,0,1,100791.36,1.7029739158801322,0.125,1,273,False,True,False,0,0.23529772,23.529772,Low,0
2025,666,59,8,152614.51,2,1,1,188782.3,0.8084110723776945,0.2222222222222222,2,472,True,False,False,0,0.54216814,54.216812,Medium,1
2025,735,44,9,120681.63,1,1,0,74836.34,1.6125857760310562,0.1,0,396,False,False,True,0,0.62687576,62.687576,High,1
2025,711,32,5,0.0,2,1,1,147720.27,0.0,0.3333333333333333,2,160,False,True,True,0,0.022369476,2.2369475,Low,0
2025,709,39,9,124723.92,1,1,0,73641.86,1.6936322136321158,0.1,0,351,True,False,False,0,0.78145885,78.14589,High,1
2025,746,24,4,0.0,1,0,1,94105.0,0.0,0.2,1,96,False,False,False,0,0.10174651,10.174651,Low,0
2025,809,33,8,148055.74,1,0,0,199203.21,0.7432359988777345,0.1111111111111111,0,264,True,False,True,0,0.6060778,60.60778,High,1
2025,596,20,3,187294.46,1,1,0,103456.47,1.810352215262948,0.25,0,60,False,True,True,0,0.43104842,43.104843,Medium,0
2025,605,36,6,0.0,1,0,1,690.84,0.0,0.14285714285714285,1,216,False,False,False,0,0.2960278,29.602781,Low,0
2025,614,50,4,137104.47,1,1,0,127166.49,1.0781408833342547,0.2,0,200,False,False,True,1,0.8250931,82.50931,Very High,1
2025,741,52,1,171236.3,2,0,0,21834.4,7.842141659873415,1.0,0,52,False,False,True,1,0.58288896,58.288895,Medium,1
2025,635,41,1,0.0,2,1,0,175611.5,0.0,1.0,0,41,False,True,True,0,0.093637146,9.363714,Low,0
2025,769,43,4,110182.54,2,1,1,87537.32,1.2586777996196408,0.4,2,172,True,False,True,0,0.29707593,29.707592,Low,0
2025,636,37,1,115137.26,1,1,0,52484.01,2.193717025108693,0.5,0,37,False,True,True,0,0.49793753,49.793755,Medium,0
2025,738,54,4,0.0,1,0,1,55725.04,0.0,0.2,1,216,False,False,True,1,0.7321316,73.21316,High,1
2025,577,43,6,0.0,2,1,1,149457.81,0.0,0.2857142857142857,2,258,False,True,True,0,0.04833949,4.833949,Low,0
2025,688,26,1,0.0,2,1,1,104435.94,0.0,1.0,2,26,False,False,True,0,0.048188854,4.8188853,Low,0
2025,586,56,9,100781.75,2,1,1,54448.41,1.8509245554726854,0.2,2,504,True,False,False,0,0.41204727,41.204727,Medium,0
2025,637,33,2,145731.83,1,0,1,109219.43,1.3342909380598482,0.3333333333333333,1,66,False,False,True,0,0.14151013,14.151012,Low,0
2025,527,25,6,0.0,2,0,1,96758.58,0.0,0.2857142857142857,2,150,False,False,False,0,0.04897628,4.897628,Low,0
2025,797,37,4,75263.7,1,1,0,85801.77,0.8771709817759962,0.2,0,148,False,False,True,0,0.46483234,46.483234,Medium,0
2025,605,27,9,0.0,2,1,0,198091.81,0.0,0.2,0,243,False,False,True,0,0.0445232,4.4523196,Low,0
2025,530,25,9,162560.32,1,1,0,64129.03,2.534854887795936,0.1,0,225,False,False,True,0,0.3755201,37.55201,Medium,0
2025,540,31,10,118158.74,1,1,1,158027.57,0.747704924495615,0.09090909090909091,1,310,False,True,False,0,0.3649705,36.49705,Medium,0
2025,743,45,7,157332.26,1,1,0,125424.42,1.2543889428474708,0.125,0,315,False,True,True,0,0.6482371,64.82371,High,1
2025,622,58,7,116922.25,1,1,0,120415.61,0.9709810797696431,0.125,0,406,True,False,False,1,0.95929366,95.92937,Very High,1
2025,759,45,8,0.0,2,1,1,99251.24,0.0,0.2222222222222222,2,360,False,False,False,0,0.17996305,17.996305,Low,0
2025,669,57,5,0.0,2,1,1,56875.76,0.0,0.3333333333333333,2,285,False,False,True,0,0.20396964,20.396965,Low,0
2025,693,31,2,0.0,2,1,1,107759.31,0.0,0.6666666666666666,2,62,False,False,True,0,0.049014278,4.9014277,Low,0
2025,583,59,7,127450.14,1,0,1,67552.71,1.8866490086184753,0.125,1,413,False,False,True,0,0.5497756,54.977562,Medium,1
2025,581,71,4,0.0,2,1,1,197562.08,0.0,0.4,2,284,False,False,True,0,0.26197034,26.197035,Low,0
2025,601,38,4,60013.81,1,1,1,38020.05,1.5784364187732847,0.2,1,152,False,False,True,0,0.29035378,29.035378,Low,0
2025,607,48,4,112070.86,3,1,0,173568.3,0.6456836548859736,0.6,0,192,False,False,False,1,0.9903597,99.03597,Very High,1
2025,741,32,5,0.0,1,1,1,64839.23,0.0,0.16666666666666666,1,160,False,False,True,0,0.19973567,19.973568,Low,0
2025,558,32,4,108235.91,1,1,1,143783.28,0.7527659491009727,0.2,1,128,True,False,True,0,0.4819511,48.19511,Medium,0
2025,386,53,1,131955.07,1,1,1,62514.65,2.110752587552077,0.5,1,53,False,True,False,1,0.63422465,63.422466,High,1
2025,491,26,4,102251.14,1,1,1,145900.89,0.7008212162296183,0.2,1,104,True,False,True,0,0.33110067,33.110065,Medium,0
2025,443,50,3,117206.3,1,1,0,42840.18,2.73583267314299,0.25,0,150,True,False,True,1,0.92418844,92.418846,Very High,1
2025,586,38,2,136858.42,1,0,1,189143.94,0.7235637390035389,0.3333333333333333,1,76,True,False,True,0,0.6557976,65.57976,High,1
2025,616,43,3,120867.18,1,1,0,18761.92,6.441810762930291,0.25,0,129,False,True,False,1,0.6549851,65.498505,High,1
2025,615,59,8,0.0,2,1,1,165576.55,0.0,0.2222222222222222,2,472,False,False,True,0,0.21357736,21.357737,Low,0
2025,597,45,7,0.0,2,0,0,167756.45,0.0,0.25,0,315,False,False,True,0,0.3131129,31.31129,Medium,0
2025,515,41,8,0.0,2,1,1,185054.14,0.0,0.2222222222222222,2,328,False,False,True,0,0.07587517,7.5875173,Low,0
2025,696,30,0,0.0,2,1,1,9002.8,0.0,2.0,2,0,False,True,False,0,0.33035967,33.035965,Medium,0
2025,540,48,2,109349.29,1,1,0,88703.04,1.2327430633373633,0.3333333333333333,0,96,False,False,True,1,0.77995193,77.99519,High,1
2025,691,31,5,40915.55,1,1,0,126213.84,0.3241738451674938,0.16666666666666666,0,155,False,False,False,1,0.48666513,48.66651,Medium,0
2025,706,23,5,0.0,1,0,0,164128.41,0.0,0.16666666666666666,0,115,False,False,False,1,0.37294844,37.294846,Medium,0
2025,802,40,5,0.0,2,1,1,175043.69,0.0,0.3333333333333333,2,200,False,True,True,0,0.029183675,2.9183674,Low,0
2025,685,23,5,164902.43,1,0,0,141152.28,1.1682507838287568,0.16666666666666666,0,115,False,True,True,0,0.33072332,33.07233,Medium,0
2025,601,41,1,0.0,2,0,1,160607.06,0.0,1.0,2,41,False,False,False,0,0.20749229,20.74923,Low,0
2025,850,29,1,0.0,2,1,1,197996.65,0.0,1.0,2,29,False,True,False,0,0.051985204,5.1985207,Low,0
2025,655,27,9,0.0,2,0,0,108008.05,0.0,0.2,0,243,False,True,False,0,0.07097188,7.0971875,Low,0
2025,642,18,5,111183.53,2,0,1,10063.75,11.046824809359398,0.3333333333333333,2,90,True,False,True,0,0.032753434,3.2753434,Low,0
2025,536,35,8,0.0,1,1,0,171840.24,0.0,0.1111111111111111,0,280,False,False,False,1,0.6520829,65.20829,High,1
2025,667,33,4,127076.68,2,1,0,69011.66,1.8413531662161695,0.4,0,132,True,False,False,0,0.26351345,26.351345,Low,0
2025,680,48,8,115115.38,1,1,0,139558.6,0.824847448688589,0.1111111111111111,0,384,True,False,False,1,0.916716,91.6716,Very High,1
2025,627,62,3,143426.34,2,1,1,143104.3,1.0022433830193571,0.5,2,186,True,False,True,0,0.32732865,32.732864,Medium,0
2025,836,41,7,150302.84,1,1,1,156036.19,0.963250107234051,0.125,1,287,False,True,False,0,0.4045201,40.45201,Medium,0
2025,777,43,1,0.0,2,1,0,21785.91,0.0,1.0,0,43,False,False,True,0,0.11533272,11.533272,Low,0
2025,595,36,6,85768.42,1,1,1,24802.77,3.4578783789722287,0.14285714285714285,1,216,False,True,True,0,0.22165972,22.165972,Low,0
2025,621,43,8,0.0,1,0,0,102806.6,0.0,0.1111111111111111,0,344,False,True,False,0,0.8402533,84.02533,Very High,1
2025,649,41,4,115897.73,1,1,0,143544.48,0.8073937960289658,0.2,0,164,True,False,False,0,0.72704315,72.704315,High,1
2025,531,32,0,109570.21,2,1,1,172049.84,0.6368478642708167,2.0,2,0,True,False,False,0,0.18646666,18.646666,Low,0
2025,705,37,3,109974.22,1,1,1,36320.87,3.0277686693994554,0.25,1,111,True,False,False,1,0.66441643,66.44164,High,1
2025,812,34,5,103818.43,1,1,1,166038.27,0.6252643124725855,0.16666666666666666,1,170,False,False,True,0,0.13005362,13.0053625,Low,0
2025,416,32,0,0.0,2,0,1,878.87,0.0,2.0,2,0,False,False,True,0,0.16194601,16.194601,Low,0
2025,564,41,9,103522.75,2,1,1,34338.21,3.014709715220589,0.2,2,369,True,False,True,0,0.2307356,23.07356,Low,0
2025,509,46,1,0.0,1,1,0,71244.59,0.0,0.5,0,46,False,False,False,1,0.8643296,86.43296,Very High,1
2025,850,22,2,0.0,2,1,1,9684.52,0.0,0.6666666666666666,2,44,False,True,True,0,0.02009036,2.009036,Low,0
2025,532,40,5,0.0,2,0,1,177099.71,0.0,0.3333333333333333,2,200,False,False,False,0,0.19268866,19.268866,Low,0
2025,602,35,8,0.0,1,1,1,22499.29,0.0,0.1111111111111111,1,280,False,False,True,0,0.22078586,22.078587,Low,0
2025,685,43,9,0.0,2,1,0,107811.28,0.0,0.2,0,387,False,True,True,0,0.08684901,8.684901,Low,0
2025,815,38,2,48387.0,1,1,0,184796.84,0.261837476022447,0.3333333333333333,0,76,False,True,False,0,0.61874557,61.874557,High,1
2025,850,40,0,0.0,2,1,0,1099.95,0.0,2.0,0,0,False,False,False,0,0.22970606,22.970606,Low,0
2025,739,37,7,104960.46,1,0,1,80883.82,1.2976533792125642,0.125,1,259,False,False,True,0,0.20721541,20.72154,Low,0
2025,674,34,2,152797.9,1,1,0,175709.4,0.8696007749114452,0.3333333333333333,0,68,True,False,True,1,0.5973301,59.73301,Medium,1
2025,648,34,3,0.0,1,1,0,54726.43,0.0,0.25,0,102,False,False,False,0,0.5212866,52.128662,Medium,1
2025,582,50,6,96486.57,2,1,1,20344.02,4.742515367397034,0.2857142857142857,2,300,True,False,False,0,0.4595375,45.95375,Medium,0
2025,684,34,6,0.0,2,1,1,130928.22,0.0,0.2857142857142857,2,204,False,False,False,0,0.097776495,9.77765,Low,0
2025,648,53,6,111201.41,1,1,1,121542.29,0.9149119626431045,0.14285714285714285,1,318,False,True,False,0,0.47377133,47.377132,Medium,0
2025,686,39,4,157731.6,2,1,0,162820.6,0.9687387914134242,0.4,0,156,True,False,False,0,0.4409951,44.09951,Medium,0
2025,788,43,10,0.0,2,1,1,116111.51,0.0,0.18181818181818182,2,430,False,False,False,0,0.14793897,14.793897,Low,0
2025,731,46,10,0.0,2,1,0,153015.42,0.0,0.18181818181818182,0,460,False,True,True,0,0.09024418,9.024418,Low,0
2025,634,43,3,212696.32,1,1,0,115268.86,1.8452032474056965,0.25,0,129,True,False,True,0,0.73984754,73.98476,High,1
2025,505,40,6,47869.69,2,1,1,155061.97,0.3087112932249395,0.2857142857142857,2,240,True,False,True,0,0.13411342,13.411342,Low,0
2025,464,38,3,116439.65,1,1,0,75574.48,1.5407067212805,0.25,0,114,False,False,True,0,0.4034315,40.34315,Medium,0
2025,650,41,3,128808.65,3,0,0,113677.53,1.1330956689886824,0.75,0,123,False,True,True,1,0.9860214,98.60214,Very High,1
2025,730,39,1,99010.67,1,1,0,194945.8,0.5078855872473926,0.5,0,39,False,False,False,0,0.55161,55.161,Medium,1
2025,530,55,4,120905.03,1,0,1,123475.88,0.9791714043957055,0.2,1,220,False,False,False,1,0.6584164,65.84164,High,1
2025,612,42,10,75497.51,1,0,0,149682.78,0.5043800336950336,0.09090909090909091,0,420,False,False,False,0,0.6597041,65.970406,High,1
2025,804,38,3,124197.22,1,1,0,74692.06,1.6627678662515635,0.25,0,114,False,True,False,0,0.5812871,58.128708,Medium,1
2025,640,47,6,89799.46,2,0,1,13783.77,6.514396685617533,0.2857142857142857,2,282,False,False,False,1,0.40842503,40.842503,Medium,0
2025,434,55,6,0.0,1,0,1,73562.05,0.0,0.14285714285714285,1,330,False,True,True,1,0.7502675,75.02675,High,1
2025,640,43,9,172478.15,1,1,0,191084.4,0.9026233820061605,0.1,0,387,False,True,True,1,0.49704185,49.704185,Medium,0
2025,473,40,8,152576.25,2,1,0,73073.68,2.0879496153797734,0.2222222222222222,0,320,True,False,True,0,0.34374952,34.374954,Medium,0
2025,601,49,4,96252.98,2,1,0,104263.82,0.923158741366455,0.4,0,196,True,False,False,0,0.6750982,67.50982,High,1
2025,749,33,10,76692.22,1,0,1,30396.43,2.5229836864498085,0.09090909090909091,1,330,True,False,False,0,0.58070576,58.070576,Medium,1
2025,822,50,7,0.0,2,1,1,10062.8,0.0,0.25,2,350,False,False,True,0,0.10241856,10.241856,Low,0
2025,649,36,2,0.0,2,0,1,75035.48,0.0,0.6666666666666666,2,72,False,False,False,0,0.16622567,16.622566,Low,0
2025,719,48,5,0.0,2,0,0,78563.66,0.0,0.3333333333333333,0,240,False,True,False,0,0.4189157,41.891567,Medium,0
2025,554,39,10,0.0,2,1,1,18391.93,0.0,0.18181818181818182,2,390,False,False,False,0,0.12940225,12.940225,Low,0
2025,726,26,1,80780.16,1,1,1,19225.85,4.2014245703274335,0.5,1,26,False,True,False,0,0.24406818,24.406818,Low,0
2025,803,45,7,0.0,2,1,1,128378.04,0.0,0.25,2,315,False,True,False,0,0.14703266,14.703266,Low,0
2025,850,32,2,128647.98,2,0,0,54416.18,2.364105968004957,0.6666666666666666,0,64,True,False,True,0,0.20400892,20.400892,Low,0
2025,666,38,6,127043.09,1,1,1,8247.0,15.402896459747817,0.14285714285714285,1,228,False,False,False,0,0.4376065,43.76065,Medium,0
2025,537,28,3,157842.07,1,1,0,86911.49,1.8161034162063472,0.25,0,84,False,False,True,0,0.2709657,27.09657,Low,0
2025,504,43,5,134740.19,2,1,0,181430.91,0.7426487986595082,0.3333333333333333,0,215,True,False,True,0,0.4743386,47.43386,Medium,0
2025,626,52,0,0.0,2,1,0,32159.46,0.0,2.0,0,0,False,False,False,1,0.39630523,39.630524,Medium,0
2025,696,28,4,172646.82,1,1,1,116471.43,1.4822977420493417,0.2,1,112,False,False,True,0,0.14485556,14.485556,Low,0
2025,602,29,5,103907.28,1,1,0,161229.84,0.6444628087281565,0.16666666666666666,0,145,False,True,True,0,0.39626557,39.626556,Medium,0
2025,670,30,3,133446.34,1,0,0,3154.95,42.28404759264247,0.25,0,90,False,True,True,0,0.39369845,39.369846,Medium,0
2025,511,48,6,149726.08,1,0,0,88307.87,1.695481778897182,0.14285714285714285,0,288,True,False,True,1,0.8550731,85.50731,Very High,1
2025,529,31,6,152310.55,1,1,0,13054.25,11.666613048390493,0.14285714285714285,0,186,False,False,False,0,0.4659925,46.59925,Medium,0
2025,637,44,2,0.0,2,1,0,149665.65,0.0,0.6666666666666666,0,88,False,False,False,0,0.28117815,28.117815,Low,0
2025,520,30,4,145222.99,2,0,0,145160.96,1.0004204269493193,0.4,0,120,False,True,False,0,0.29662898,29.662899,Low,0
2025,565,34,7,0.0,1,0,0,74593.84,0.0,0.125,0,238,False,False,True,0,0.48380715,48.380714,Medium,0
2025,559,28,3,152264.81,1,0,0,64242.31,2.370127099615509,0.25,0,84,True,False,False,0,0.60506016,60.506016,High,1
2025,689,55,4,0.0,2,1,1,58442.25,0.0,0.4,2,220,False,True,False,0,0.19424646,19.424646,Low,0
2025,673,59,0,178058.06,2,0,1,21063.71,8.452908205239948,2.0,2,0,False,False,True,1,0.6231388,62.313877,High,1
2025,645,31,1,128927.93,1,1,1,2850.01,45.22184418855072,0.5,1,31,True,False,False,0,0.5395585,53.95585,Medium,1
2025,541,39,6,109844.81,1,1,0,25289.23,4.343369356466904,0.14285714285714285,0,234,False,False,False,0,0.52133536,52.133537,Medium,1
2025,758,39,6,127357.76,1,0,1,56577.0,2.2510120541553253,0.14285714285714285,1,234,False,False,False,0,0.27719525,27.719524,Low,0
2025,483,30,9,0.0,2,0,0,136356.97,0.0,0.2,0,270,False,False,False,0,0.09569341,9.569341,Low,0
2025,575,43,3,0.0,1,1,0,83594.51,0.0,0.25,0,129,False,True,True,0,0.7329683,73.29683,High,1
2025,526,35,5,0.0,2,1,1,105618.14,0.0,0.3333333333333333,2,175,False,True,True,0,0.036375977,3.6375978,Low,0
2025,612,31,8,117989.76,1,1,1,54129.86,2.179713383456313,0.1111111111111111,1,248,False,False,False,0,0.2787591,27.87591,Low,0
2025,605,33,4,0.0,2,0,1,83700.66,0.0,0.4,2,132,False,False,False,0,0.10779265,10.779265,Low,0
2025,633,32,1,104001.38,1,0,1,36642.65,2.8381828775244826,0.5,1,32,False,False,False,0,0.16477215,16.477215,Low,0
2025,661,30,7,0.0,2,1,0,72196.57,0.0,0.25,0,210,False,False,False,0,0.119115956,11.911595,Low,0
2025,633,33,3,0.0,2,1,0,191111.02,0.0,0.5,0,99,False,False,False,0,0.17490074,17.490074,Low,0
2025,644,37,6,117271.8,2,1,0,104217.96,1.1252443893126547,0.2857142857142857,0,222,False,False,True,1,0.21251641,21.25164,Low,0
2025,505,37,10,122453.97,2,1,1,52693.99,2.3238256616046424,0.18181818181818182,2,370,True,False,False,0,0.26104662,26.104662,Low,0
2025,679,39,7,91187.9,1,0,1,6075.36,15.006994318967276,0.125,1,273,False,True,False,0,0.20267084,20.267084,Low,0
2025,551,38,10,0.0,2,1,1,216.27,0.0,0.18181818181818182,2,380,False,False,False,0,0.11934755,11.934755,Low,0
2025,665,39,10,46323.57,1,1,0,136812.02,0.3385903622330682,0.09090909090909091,0,390,False,False,True,0,0.5617853,56.178528,Medium,1
2025,751,38,7,0.0,2,0,0,90839.61,0.0,0.25,0,266,False,True,True,0,0.064986706,6.4986706,Low,0
2025,788,37,8,141541.25,1,0,0,66013.27,2.144100813354446,0.1111111111111111,0,296,False,True,True,0,0.43385357,43.385357,Medium,0
2025,684,27,2,134603.88,1,1,1,71725.73,1.8766208915421072,0.3333333333333333,1,54,False,False,True,0,0.12314085,12.314085,Low,0
2025,717,35,5,103214.71,1,1,0,172172.7,0.5994801180435804,0.16666666666666666,0,175,True,False,False,0,0.6815603,68.15603,High,1
2025,679,32,0,88335.05,1,0,0,159584.81,0.5535269708503532,1.0,0,0,True,False,False,0,0.6378579,63.78579,High,1
2025,521,77,6,0.0,2,1,1,49054.1,0.0,0.2857142857142857,2,462,False,False,False,0,0.20999911,20.999912,Low,0
2025,726,31,9,0.0,2,1,1,106117.3,0.0,0.2,2,279,False,False,True,0,0.02390207,2.390207,Low,0
2025,547,42,1,142703.4,1,1,0,86207.49,1.6553288429016677,0.5,0,42,True,False,False,1,0.7382393,73.82393,High,1
2025,504,34,0,54980.81,1,1,1,136909.88,0.40158101386829154,1.0,1,0,False,True,True,0,0.38531473,38.531475,Medium,0
2025,754,39,8,129401.87,1,1,1,87684.93,1.475742687566865,0.1111111111111111,1,312,True,False,False,0,0.72885776,72.88577,High,1
2025,775,36,2,109949.05,2,0,1,71682.54,1.53381166722514,0.6666666666666666,2,72,True,False,True,0,0.14315298,14.315298,Low,0
2025,714,46,1,0.0,1,1,0,152167.79,0.0,0.5,0,46,False,False,True,1,0.78073037,78.07304,High,1
2025,568,36,10,153610.61,1,1,1,54083.8,2.840180790166553,0.09090909090909091,1,360,False,True,False,1,0.37144658,37.144657,Medium,0
2025,704,27,5,147004.34,1,1,0,64381.33,2.2833025769648287,0.16666666666666666,0,135,True,False,True,1,0.5451063,54.510628,Medium,1
2025,719,61,5,0.0,2,0,1,29132.43,0.0,0.3333333333333333,2,305,False,False,True,0,0.28887048,28.887049,Low,0
2025,828,42,10,0.0,1,1,1,186071.14,0.0,0.09090909090909091,1,420,False,True,True,0,0.3795326,37.953262,Medium,0
2025,615,32,7,92199.84,1,1,1,2755.53,33.44779124478964,0.125,1,224,False,False,True,0,0.14950562,14.950562,Low,0
2025,621,46,6,141078.37,1,0,0,34580.8,4.079555430891393,0.14285714285714285,0,276,True,False,True,1,0.7994811,79.94811,High,1
2025,622,23,8,0.0,2,1,1,131389.39,0.0,0.2222222222222222,2,184,False,True,False,0,0.036045805,3.6045804,Low,0
2025,589,28,7,0.0,2,1,0,151645.96,0.0,0.25,0,196,False,False,True,0,0.05048675,5.048675,Low,0
2025,754,47,1,185513.67,1,1,0,27438.83,6.760744144551916,0.5,0,47,False,False,False,0,0.7673644,76.736435,High,1
2025,549,36,6,139422.37,1,0,0,83983.39,1.6600986207079673,0.14285714285714285,0,216,True,False,True,1,0.610026,61.0026,High,1
2025,490,33,1,0.0,2,1,1,80792.83,0.0,1.0,2,33,False,False,True,0,0.07573703,7.573703,Low,0
2025,643,30,5,94443.77,1,1,1,165614.4,0.5702595893860113,0.16666666666666666,1,150,False,False,True,0,0.15079616,15.079616,Low,0
2025,548,38,0,178056.54,2,1,0,38434.73,4.632578592887399,2.0,0,0,False,True,True,0,0.5924057,59.240566,Medium,1
2025,651,46,4,89743.05,1,1,0,156425.57,0.5737072033223001,0.2,0,184,False,True,False,1,0.76974005,76.97401,High,1
2025,678,55,5,0.0,1,0,1,196794.11,0.0,0.16666666666666666,1,275,False,False,False,1,0.8056095,80.56095,Very High,1
2025,407,37,1,0.0,1,1,1,49161.12,0.0,0.5,1,37,False,True,True,1,0.60878384,60.878384,High,1
2025,683,30,1,113257.2,1,1,1,65035.02,1.741453428423203,0.5,1,30,False,True,True,0,0.18516445,18.516445,Low,0
2025,629,45,7,129818.39,3,1,0,9217.55,14.082300361770562,0.375,0,315,True,False,False,1,0.9789853,97.89853,Very High,1
2025,736,27,5,51522.75,1,0,1,192131.77,0.26816221928201006,0.16666666666666666,1,135,False,False,True,0,0.12193625,12.1936245,Low,0
2025,538,31,0,0.0,2,0,0,179453.66,0.0,2.0,0,0,False,True,False,0,0.16396625,16.396626,Low,0
2025,655,37,9,121342.24,1,1,1,180241.44,0.6732168073179657,0.1,1,333,True,False,True,0,0.5792352,57.92352,Medium,1
2025,738,33,3,122134.4,2,0,1,27867.59,4.382510919999899,0.5,2,99,False,True,False,0,0.22253336,22.253336,Low,0
2025,588,59,4,0.0,2,1,1,27435.41,0.0,0.4,2,236,False,True,True,0,0.14210431,14.210431,Low,0
2025,736,57,9,95295.39,1,1,0,28434.44,3.351289447253146,0.1,0,513,True,False,True,1,0.9595508,95.95508,Very High,1
2025,623,40,5,118788.57,1,1,0,192867.4,0.6159047827430518,0.16666666666666666,0,200,False,False,True,0,0.53519726,53.519726,Medium,1
2025,549,45,6,124240.93,1,1,1,146372.51,0.8487938152197073,0.14285714285714285,1,270,True,False,True,0,0.6784271,67.84271,High,1
2025,630,31,0,0.0,2,1,1,34475.14,0.0,2.0,2,0,False,False,True,0,0.15673803,15.673802,Low,0
2025,494,35,9,112727.06,2,1,0,183752.91,0.6134675447178239,0.2,0,315,False,False,False,0,0.33989805,33.989803,Medium,0
2025,671,36,2,116695.27,1,0,0,193201.86,0.6040038434213656,0.3333333333333333,0,72,True,False,True,0,0.59708023,59.708023,Medium,1
2025,785,38,1,0.0,1,1,0,134964.85,0.0,0.5,0,38,False,False,False,1,0.6060763,60.60763,High,1
2025,724,29,4,0.0,1,1,0,8982.75,0.0,0.2,0,116,False,False,True,0,0.38030457,38.030457,Medium,0
2025,532,42,1,159024.71,1,1,0,100982.93,1.5747526363848188,0.5,0,42,False,False,True,1,0.51956713,51.956715,Medium,1
2025,747,29,7,117726.33,1,1,1,175398.34,0.6711902678767206,0.125,1,203,True,False,True,0,0.48410532,48.41053,Medium,0
2025,598,43,5,0.0,3,1,1,100722.72,0.0,0.5,3,215,False,False,False,1,0.9632855,96.32855,Very High,1
2025,647,35,3,192407.97,1,1,1,40145.28,4.792672446861826,0.25,1,105,True,False,True,0,0.57776177,57.776176,Medium,1
2025,590,43,8,0.0,2,1,1,143628.31,0.0,0.2222222222222222,2,344,False,False,True,0,0.07510256,7.510256,Low,0
2025,713,38,7,144606.22,1,1,1,56594.36,2.5550896751959877,0.125,1,266,True,False,False,1,0.7218462,72.18462,High,1
2025,791,36,6,111168.97,1,1,1,189969.91,0.5851894376881176,0.14285714285714285,1,216,False,False,True,0,0.1573941,15.739409,Low,0
2025,620,29,1,138740.24,2,0,0,154700.61,0.896824797104568,1.0,0,29,False,False,False,0,0.19777006,19.777006,Low,0
2025,637,30,1,122185.53,1,1,0,102566.46,1.191269921279127,0.5,0,30,True,False,True,1,0.55419207,55.419205,Medium,1
2025,544,32,9,110728.39,1,1,1,14559.62,7.60464801636194,0.1,1,288,False,False,False,0,0.2574701,25.74701,Low,0
2025,637,40,6,0.0,2,1,1,181610.6,0.0,0.2857142857142857,2,240,False,True,False,0,0.09967002,9.967002,Low,0
2025,658,42,8,102870.93,1,0,1,103764.55,0.9913784488204418,0.1111111111111111,1,336,False,False,True,1,0.39117607,39.117607,Medium,0
2025,714,51,4,88308.87,3,0,0,5862.53,15.060700635965024,0.6,0,204,False,False,False,1,0.97073865,97.07387,Very High,1
2025,642,33,4,84607.34,2,0,1,60059.47,1.4087025959004316,0.4,2,132,False,False,False,0,0.14629027,14.629027,Low,0
2025,613,43,4,140681.68,1,0,1,20134.07,6.986897984461936,0.2,1,172,True,False,False,0,0.81515145,81.515144,Very High,1
2025,684,32,3,102630.13,2,1,1,127433.47,0.8053561175402543,0.5,2,96,True,False,True,0,0.08781271,8.781271,Low,0
2025,701,48,1,92072.68,1,1,1,133992.36,0.6871436017426535,0.5,1,48,True,False,False,0,0.79532385,79.53239,High,1
2025,615,30,9,0.0,1,1,0,87347.82,0.0,0.1,0,270,False,False,False,0,0.48880664,48.880665,Medium,0
2025,599,39,2,188976.89,2,0,1,176142.09,1.0728600821071097,0.6666666666666666,2,78,True,False,True,0,0.16847995,16.847996,Low,0
2025,554,26,7,92606.86,2,1,0,192709.69,0.48054864003652314,0.25,0,182,False,False,False,0,0.1829182,18.29182,Low,0
2025,589,19,9,83495.11,1,1,1,143022.31,0.5837867267929963,0.1,1,171,True,False,False,1,0.45179477,45.179478,Medium,0
2025,653,43,0,0.0,2,1,0,27862.58,0.0,2.0,0,0,False,False,True,0,0.19835222,19.835222,Low,0
2025,633,33,4,137847.41,2,1,0,98349.13,1.401598655741482,0.4,0,132,False,True,True,0,0.20021474,20.021475,Low,0
2025,762,28,3,125155.83,2,1,1,106024.02,1.1804367497407686,0.5,2,84,True,False,True,0,0.06321521,6.3215213,Low,0
2025,743,39,3,119695.75,1,0,1,26136.13,4.579529198500371,0.25,1,117,True,False,True,0,0.635375,63.537502,High,1
2025,714,45,0,124693.48,1,0,1,187194.15,0.6661149073573754,1.0,1,0,False,True,True,0,0.29161718,29.161718,Low,0
2025,827,60,2,0.0,2,0,1,60615.83,0.0,0.6666666666666666,2,120,False,False,False,0,0.29836315,29.836315,Low,0
2025,595,35,8,0.0,1,1,0,100015.79,0.0,0.1111111111111111,0,280,False,True,True,1,0.5846489,58.46489,Medium,1
2025,663,36,10,0.0,2,1,0,136349.55,0.0,0.18181818181818182,0,360,False,False,True,0,0.067993194,6.7993193,Low,0
2025,544,37,2,0.0,2,0,0,135067.02,0.0,0.6666666666666666,0,74,False,True,True,0,0.06947639,6.947639,Low,0
2025,775,32,8,121669.23,1,0,1,125898.39,0.9664004726313606,0.1111111111111111,1,256,True,False,True,0,0.5285089,52.85089,Medium,1
2025,702,36,2,105264.88,2,1,1,52909.87,1.9894755085297218,0.6666666666666666,2,72,True,False,False,0,0.2602427,26.02427,Low,0
2025,583,42,4,0.0,2,1,0,17439.66,0.0,0.4,0,168,False,False,False,0,0.22906058,22.906057,Low,0
2025,670,42,6,112333.63,1,1,1,65706.86,1.709591972710723,0.14285714285714285,1,252,False,False,False,0,0.4833503,48.33503,Medium,0
2025,526,49,2,0.0,1,1,0,114539.67,0.0,0.3333333333333333,0,98,False,True,True,1,0.8799442,87.99442,Very High,1
2025,778,37,3,141803.77,1,0,1,179421.84,0.7903328806967942,0.25,1,111,False,False,True,0,0.1837418,18.37418,Low,0
2025,614,38,2,116248.88,1,1,0,105140.92,1.1056377893802967,0.3333333333333333,0,76,False,False,True,0,0.42155161,42.155163,Medium,0
2025,561,32,6,166824.59,1,1,0,139451.98,1.1962784158502744,0.14285714285714285,0,192,True,False,True,0,0.58602285,58.602287,Medium,1
2025,556,34,8,163757.06,1,1,1,104000.06,1.5745710668718185,0.1111111111111111,1,272,False,False,True,0,0.20321941,20.321941,Low,0
2025,683,29,9,0.0,2,1,1,48849.89,0.0,0.2,2,261,False,False,False,0,0.0543199,5.43199,Low,0
2025,698,55,8,155059.1,2,1,1,144584.29,1.072440356830214,0.2222222222222222,2,440,True,False,True,0,0.3446414,34.464138,Medium,0
2025,663,67,9,0.0,3,1,1,72318.77,0.0,0.3,3,603,False,False,True,0,0.70456386,70.45638,High,1
2025,468,26,1,131643.25,1,1,0,64436.16,2.0429710123785716,0.5,0,26,False,True,True,0,0.34977484,34.977486,Medium,0
2025,591,36,7,135216.8,1,1,1,122022.89,1.1081174350366965,0.125,1,252,False,True,True,0,0.2262251,22.622509,Low,0
2025,430,49,3,137115.16,1,1,0,146516.86,0.9358255710259488,0.25,0,147,True,False,True,1,0.89004904,89.004906,Very High,1
2025,661,41,1,0.0,2,0,1,131300.68,0.0,1.0,2,41,False,False,False,0,0.19816853,19.816853,Low,0
2025,501,44,4,142051.07,2,0,1,74940.5,1.8954927510124564,0.4,2,176,False,False,True,0,0.2976254,29.762539,Low,0
2025,745,36,9,0.0,1,1,0,19605.18,0.0,0.1,0,324,False,False,False,1,0.5423369,54.23369,Medium,1
2025,666,27,1,85225.21,1,0,1,64511.44,1.3210662935706665,0.5,1,27,False,False,False,0,0.12546016,12.546017,Low,0
2025,686,45,3,74274.87,3,1,0,64907.48,1.1443014841820358,0.75,0,135,False,True,True,1,0.9862835,98.62835,Very High,1
2025,661,44,1,141136.62,1,1,0,189742.78,0.7438273865947015,0.5,0,44,True,False,True,1,0.7351702,73.51702,High,1
2025,608,42,8,131390.75,2,1,0,71178.09,1.8459178109751053,0.2222222222222222,0,336,True,False,True,0,0.35252807,35.252808,Medium,0
2025,705,40,3,92889.91,1,1,1,109496.69,0.8483275765908852,0.25,1,120,True,False,False,0,0.68901813,68.90181,High,1
2025,760,43,8,121911.59,1,1,0,193312.33,0.6306424394013594,0.1111111111111111,0,344,False,False,True,0,0.5915867,59.158672,Medium,1
2025,698,36,7,121263.62,1,1,1,13387.88,9.057039871893691,0.125,1,252,True,False,False,0,0.710077,71.0077,High,1
2025,476,37,4,0.0,1,1,1,55775.84,0.0,0.2,1,148,False,False,True,1,0.58462715,58.462715,Medium,1
2025,822,32,8,116358.0,1,1,0,108798.36,1.0694732027835459,0.1111111111111111,0,256,False,False,True,0,0.42004305,42.004307,Medium,0
2025,850,42,8,0.0,1,1,0,19632.64,0.0,0.1111111111111111,0,336,False,False,False,1,0.7121568,71.215675,High,1
2025,745,33,1,0.0,2,1,1,174431.01,0.0,1.0,2,33,False,False,False,0,0.12742613,12.742613,Low,0
2025,579,38,4,175739.36,1,1,1,193130.55,0.9099464069956462,0.2,1,152,False,False,False,0,0.5205719,52.05719,Medium,1
2025,753,38,9,151766.71,1,1,1,180829.99,0.8392737881930525,0.1,1,342,True,False,False,0,0.6522521,65.225204,High,1
2025,667,27,7,156811.74,1,1,1,149402.59,1.0495848192135142,0.125,1,189,False,False,True,0,0.14999865,14.999865,Low,0
2025,638,48,10,138333.03,1,1,1,47679.14,2.901271472776716,0.09090909090909091,1,480,False,False,False,0,0.5898243,58.982433,Medium,1
2025,730,62,2,0.0,2,1,1,162889.1,0.0,0.6666666666666666,2,124,False,True,False,0,0.19343147,19.343147,Low,0
2025,758,35,5,0.0,2,0,0,100365.51,0.0,0.3333333333333333,0,175,False,True,False,0,0.10628155,10.628155,Low,0
2025,549,29,8,0.0,2,1,1,189558.44,0.0,0.2222222222222222,2,232,False,False,False,0,0.08638141,8.638142,Low,0
2025,708,32,10,86614.06,2,1,1,172129.26,0.5031890383480511,0.18181818181818182,2,320,False,False,True,0,0.047571544,4.7571545,Low,0
2025,568,31,1,61592.14,2,1,1,61796.64,0.9966746302933251,1.0,2,31,True,False,False,0,0.19598617,19.598618,Low,0
2025,519,48,10,71083.98,1,1,0,137959.0,0.5152506523630037,0.09090909090909091,0,480,False,False,True,0,0.8353285,83.53285,Very High,1
2025,631,29,2,96863.52,2,1,1,31613.35,3.063909901674398,0.6666666666666666,2,58,True,False,False,0,0.15993649,15.993649,Low,0
2025,757,32,9,0.0,2,1,0,115950.96,0.0,0.2,0,288,False,False,True,0,0.046621498,4.66215,Low,0
2025,734,30,3,0.0,2,1,0,107640.25,0.0,0.5,0,90,False,False,True,0,0.054841623,5.4841623,Low,0
2025,678,31,2,0.0,2,1,1,58803.28,0.0,0.6666666666666666,2,62,False,False,True,0,0.056129467,5.6129465,Low,0
2025,762,56,10,100260.88,3,1,1,77142.42,1.299668591306945,0.2727272727272727,3,560,True,False,True,1,0.97150826,97.150826,Very High,1
2025,660,61,5,155931.11,1,1,1,158338.39,0.9847903923338341,0.16666666666666666,1,305,False,True,False,0,0.46653694,46.653694,Medium,0
2025,730,27,7,0.0,2,1,0,144099.48,0.0,0.25,0,189,False,False,False,0,0.10785524,10.785523,Low,0
2025,645,48,7,90612.34,1,1,1,149139.13,0.6075651134272178,0.125,1,336,False,False,False,0,0.5710036,57.10036,Medium,1
2025,660,31,9,125189.75,2,1,1,139874.43,0.8950088661032177,0.2,2,279,True,False,True,0,0.0689953,6.8995295,Low,0
2025,565,40,1,89994.71,2,0,1,121084.27,0.7432341687803975,1.0,2,40,True,False,False,0,0.2949315,29.49315,Low,0
2025,686,34,3,123971.51,2,1,0,147794.63,0.8388036236254075,0.5,0,102,False,False,False,0,0.25883663,25.883663,Low,0
2025,740,44,9,0.0,1,0,1,96528.0,0.0,0.1,1,396,False,False,True,1,0.60998106,60.998108,High,1
2025,721,33,5,0.0,2,0,1,117626.9,0.0,0.3333333333333333,2,165,False,True,True,0,0.026576258,2.657626,Low,0
2025,604,71,2,0.0,2,1,1,49506.82,0.0,0.6666666666666666,2,142,False,False,False,0,0.23388372,23.388372,Low,0
2025,539,47,2,127286.04,2,1,1,166929.43,0.762509507703299,0.6666666666666666,2,94,False,False,False,1,0.38712332,38.71233,Medium,0
2025,759,38,1,0.0,2,1,0,20778.39,0.0,1.0,0,38,False,True,True,0,0.10412473,10.412474,Low,0
2025,567,41,0,134378.89,1,1,1,105746.94,1.2707471180998893,1.0,1,0,True,False,True,0,0.6601318,66.01318,High,1
2025,742,31,4,105239.1,1,1,1,19700.24,5.341750062432618,0.2,1,124,False,False,True,0,0.14282176,14.282176,Low,0
2025,687,72,9,0.0,1,0,1,69829.4,0.0,0.1,1,648,False,False,False,0,0.52361107,52.361107,Medium,1
2025,614,34,5,0.0,2,1,0,185561.89,0.0,0.3333333333333333,0,170,False,False,False,0,0.20102239,20.102238,Low,0
2025,828,47,1,109876.82,2,1,0,83611.45,1.3141203253821652,1.0,0,47,False,True,True,1,0.57541203,57.541203,Medium,1
2025,764,39,9,138341.51,1,1,0,50072.94,2.7627446532068376,0.1,0,351,True,False,False,1,0.80333084,80.333084,Very High,1
2025,635,46,8,0.0,2,1,1,60739.16,0.0,0.2222222222222222,2,368,False,True,True,0,0.06242461,6.242461,Low,0
2025,546,30,5,0.0,2,0,1,198543.09,0.0,0.3333333333333333,2,150,False,False,False,0,0.08222726,8.222726,Low,0
2025,484,35,7,133868.21,1,1,1,27286.1,4.905915615803805,0.125,1,245,False,True,False,0,0.3723139,37.231388,Medium,0
2025,721,36,1,155176.83,2,1,1,49653.37,3.125139438885238,1.0,2,36,False,False,True,0,0.2831742,28.31742,Low,0
2025,609,40,10,137389.77,2,1,0,170122.22,0.8075897575886466,0.18181818181818182,0,400,True,False,False,0,0.43602064,43.602066,Medium,0
2025,684,48,10,126384.42,1,1,1,198129.36,0.6378851782230649,0.09090909090909091,1,480,True,False,False,0,0.7335464,73.35464,High,1
2025,586,38,2,0.0,2,1,0,87168.46,0.0,0.6666666666666666,0,76,False,False,False,0,0.22923012,22.923012,Low,0
2025,835,35,6,127120.07,1,1,0,28707.69,4.427930010042256,0.14285714285714285,0,210,False,False,True,0,0.43595573,43.595573,Medium,0
2025,709,41,3,150300.65,2,1,0,71672.86,2.097007891021915,0.5,0,123,False,False,False,0,0.3695665,36.95665,Medium,0
2025,554,37,3,0.0,2,1,0,166177.3,0.0,0.5,0,111,False,True,True,0,0.076946706,7.6946707,Low,0
2025,765,56,1,0.0,1,1,0,13228.93,0.0,0.5,0,56,False,False,False,1,0.95724225,95.72423,Very High,1
2025,610,27,9,159561.93,1,0,1,103381.47,1.543413791525778,0.1,1,243,False,False,False,0,0.18808044,18.808044,Low,0
2025,592,34,6,102143.93,2,1,1,102628.98,0.9952640544215248,0.2857142857142857,2,204,True,False,False,0,0.16638029,16.63803,Low,0
2025,676,34,8,100359.54,1,0,0,46038.28,2.1798677129616273,0.1111111111111111,0,272,False,False,False,0,0.38226426,38.226425,Medium,0
2025,613,20,3,0.0,2,1,1,149613.77,0.0,0.5,2,60,False,False,True,0,0.021652017,2.1652017,Low,0
2025,607,32,6,0.0,2,0,0,196062.01,0.0,0.2857142857142857,0,192,False,False,False,0,0.13692513,13.692513,Low,0
2025,593,39,8,151391.68,1,1,0,27274.6,5.5504436199387,0.1111111111111111,0,312,True,False,False,1,0.76273,76.273,High,1
2025,638,24,1,0.0,2,0,1,162597.15,0.0,1.0,2,24,False,False,True,0,0.029478382,2.9478383,Low,0
2025,711,25,5,190066.54,1,0,0,51345.39,3.701653417114621,0.16666666666666666,0,125,False,False,False,1,0.44382045,44.382046,Medium,0
2025,634,46,5,123642.36,1,1,1,49725.16,2.4864650719058137,0.16666666666666666,1,230,True,False,False,1,0.82938796,82.9388,Very High,1
2025,439,36,2,165536.28,2,1,1,123956.83,1.3354241519071446,0.6666666666666666,2,72,False,False,True,0,0.21095681,21.09568,Low,0
2025,650,42,4,194532.66,1,1,0,171045.31,1.1373098899356555,0.2,0,168,False,True,True,1,0.53916085,53.916084,Medium,1
2025,742,25,4,132116.13,2,1,0,129933.5,1.0167902289230344,0.4,0,100,False,False,False,0,0.14069611,14.069611,Low,0
2025,639,35,8,0.0,1,0,0,164453.98,0.0,0.1111111111111111,0,280,False,False,False,0,0.61257803,61.257805,High,1
2025,504,32,8,206663.75,1,0,0,16281.94,12.692041486365484,0.1111111111111111,0,256,False,False,False,0,0.45337296,45.337296,Medium,0
2025,701,23,3,0.0,2,1,0,38960.59,0.0,0.5,0,69,False,False,True,0,0.038391653,3.8391654,Low,0
2025,645,40,6,131411.24,1,1,1,194656.11,0.6750908816020129,0.14285714285714285,1,240,False,False,True,0,0.33163956,33.163956,Medium,0
2025,699,25,8,0.0,2,1,1,52404.47,0.0,0.2222222222222222,2,200,False,True,False,0,0.04118587,4.118587,Low,0
2025,571,38,6,107193.82,2,0,0,38962.94,2.75110319952243,0.2857142857142857,0,228,False,False,False,0,0.29594746,29.594746,Low,0
2025,667,23,1,0.0,2,1,0,91573.19,0.0,1.0,0,23,False,False,True,0,0.040544305,4.0544305,Low,0
2025,638,34,5,146679.77,1,1,0,102179.86,1.4354916370835007,0.16666666666666666,0,170,False,True,True,0,0.45109043,45.109043,Medium,0
2025,713,48,1,163760.82,1,0,0,157381.14,1.040529884775998,0.5,0,48,False,True,False,1,0.8042717,80.42717,Very High,1
2025,584,30,5,0.0,2,1,1,185201.58,0.0,0.3333333333333333,2,150,False,True,False,0,0.0683506,6.8350596,Low,0
2025,687,34,7,129895.19,1,0,1,28698.17,4.526095702419269,0.125,1,238,False,False,True,0,0.15604904,15.604904,Low,0
2025,613,69,9,78778.49,1,0,1,8751.59,9.000591824819853,0.1,1,621,True,False,True,0,0.6873745,68.73745,High,1
2025,694,42,8,133767.19,1,1,0,36405.21,3.6742959511577835,0.1111111111111111,0,336,False,False,True,0,0.566141,56.6141,Medium,1
2025,682,30,9,0.0,2,1,1,2053.42,0.0,0.2,2,270,False,False,True,0,0.022921361,2.2921362,Low,0
2025,796,50,1,94164.0,1,1,1,189414.74,0.4971286969076593,0.5,1,50,False,False,False,0,0.63293684,63.293682,High,1
2025,655,44,8,87471.63,1,0,1,188593.98,0.46380677788984626,0.1111111111111111,1,352,False,False,True,0,0.5864458,58.64458,Medium,1
2025,586,42,6,0.0,2,1,1,123410.23,0.0,0.2857142857142857,2,252,False,True,True,0,0.04592745,4.592745,Low,0
2025,640,33,6,84719.13,2,1,1,113048.79,0.7493966154205153,0.2857142857142857,2,198,False,False,False,0,0.15378238,15.378239,Low,0
2025,666,37,2,158468.76,1,0,1,93266.01,1.6990869547549559,0.3333333333333333,1,74,True,False,False,0,0.6810932,68.10932,High,1
2025,543,42,7,0.0,1,1,1,56650.47,0.0,0.125,1,294,False,False,True,0,0.5699756,56.997562,Medium,1
2025,492,49,2,151249.45,2,1,1,167237.94,0.9043913456997515,0.6666666666666666,2,98,True,False,False,0,0.47455394,47.455395,Medium,0
2025,792,50,9,0.0,4,1,1,194700.81,0.0,0.4,4,450,False,False,True,1,0.9993673,99.93673,Very High,1
2025,646,39,6,121681.91,2,0,1,61793.47,1.9691391478881524,0.2857142857142857,2,234,True,False,True,0,0.15900308,15.900308,Low,0
2025,741,36,8,116993.43,2,1,0,168816.22,0.6930183425600777,0.2222222222222222,0,288,True,False,True,0,0.21348588,21.348589,Low,0
2025,521,30,2,107316.09,1,1,0,64299.82,1.668969229319315,0.3333333333333333,0,60,False,False,True,0,0.23075503,23.075502,Low,0
2025,782,70,7,97072.42,1,0,1,131177.22,0.7400040951920219,0.125,1,490,False,False,False,0,0.46039978,46.039978,Medium,0
2025,743,43,5,0.0,2,0,0,113079.19,0.0,0.3333333333333333,0,215,False,False,True,1,0.12161579,12.161579,Low,0
2025,737,30,8,174356.13,1,0,0,31928.5,5.4606595781330745,0.1111111111111111,0,240,False,False,True,0,0.42449725,42.449726,Medium,0
2025,674,18,7,0.0,2,1,1,55753.12,0.0,0.25,2,126,False,False,True,1,0.010848233,1.0848233,Low,0
2025,676,38,8,0.0,2,1,1,133692.88,0.0,0.2222222222222222,2,304,False,False,True,0,0.045543488,4.554349,Low,0
2025,835,38,7,86824.09,1,0,0,175905.97,0.49357958925675316,0.125,0,266,False,True,True,0,0.4768834,47.68834,Medium,0
2025,573,46,3,65269.23,1,0,1,189988.65,0.3435409771005947,0.25,1,138,False,True,True,1,0.6729182,67.29182,High,1
2025,727,57,1,109679.72,1,0,1,753.37,145.3924731895489,0.5,1,57,False,True,False,0,0.7429056,74.29056,High,1
2025,664,34,7,93920.47,1,0,0,179913.98,0.5220269596228174,0.125,0,238,False,False,False,0,0.453924,45.3924,Medium,0
2025,621,31,8,100375.39,1,1,1,90384.26,1.1105283095938432,0.1111111111111111,1,248,True,False,False,0,0.5975429,59.754288,Medium,1
2025,660,46,5,109019.65,2,1,1,33680.56,3.2367755531513387,0.3333333333333333,2,230,True,False,True,0,0.36652422,36.65242,Medium,0
2025,531,45,1,126495.57,2,1,1,164741.5,0.7678381109913957,1.0,2,45,False,True,False,0,0.42437634,42.437634,Medium,0
2025,596,30,6,121345.88,4,1,0,41921.75,2.894511452612245,0.5714285714285714,0,180,False,True,True,1,0.99964404,99.9644,Very High,1
2025,732,25,0,110942.9,1,0,0,172576.56,0.6428582024221458,1.0,0,0,False,False,True,0,0.100520626,10.052063,Low,0
2025,488,22,6,0.0,2,1,1,66393.89,0.0,0.2857142857142857,2,132,False,False,False,0,0.04211308,4.211308,Low,0
2025,713,25,4,121172.97,1,1,1,56268.98,2.1534212381095568,0.2,1,100,False,False,False,0,0.18085031,18.085032,Low,0
2025,697,48,2,108128.96,2,1,1,103944.37,1.0402479687166442,0.6666666666666666,2,96,True,False,False,0,0.43851984,43.851982,Medium,0
2025,651,38,2,0.0,3,1,0,67029.82,0.0,1.0,0,76,False,True,True,1,0.9268866,92.68866,Very High,1
2025,658,37,3,168735.74,2,0,0,70370.24,2.3977940419978387,0.5,0,111,True,False,True,0,0.29522297,29.522297,Low,0
2025,613,29,0,0.0,2,0,1,133897.32,0.0,2.0,2,0,False,True,True,0,0.0756172,7.5617204,Low,0
2025,779,37,7,120092.52,2,1,0,135925.72,0.8835092908885023,0.25,0,259,True,False,True,0,0.24407992,24.407991,Low,0
2025,579,39,5,117833.3,3,0,0,5831.0,20.204612482853225,0.5,0,195,True,False,False,1,0.9537057,95.370575,Very High,1
2025,588,48,1,143279.58,2,1,0,31580.8,4.536776877822036,1.0,0,48,True,False,False,1,0.69754773,69.754776,High,1
2025,664,46,2,0.0,1,1,1,177423.02,0.0,0.3333333333333333,1,92,False,False,True,1,0.6715759,67.15759,High,1
2025,633,29,10,130206.28,1,1,0,184654.87,0.7051293847306344,0.09090909090909091,0,290,False,False,True,0,0.36028588,36.028587,Medium,0
2025,779,41,10,99786.2,1,1,0,86927.53,1.1479108182319429,0.09090909090909091,0,410,False,False,False,0,0.65110433,65.110435,High,1
2025,623,35,5,0.0,2,1,0,101192.08,0.0,0.3333333333333333,0,175,False,False,False,0,0.17392461,17.392462,Low,0
2025,744,26,5,166297.89,1,1,1,181694.44,0.9152562662001865,0.16666666666666666,1,130,False,True,False,0,0.31042767,31.042767,Medium,0
2025,644,33,7,174571.36,1,0,1,43943.09,3.972578792734131,0.125,1,231,False,False,True,0,0.16731974,16.731974,Low,0
2025,467,57,1,0.0,2,1,1,114448.77,0.0,1.0,2,57,False,False,True,0,0.27791268,27.791267,Low,0
2025,736,43,4,176134.54,1,1,1,52856.88,3.332228610001007,0.2,1,172,False,False,True,0,0.4573683,45.73683,Medium,0
2025,592,55,8,85845.43,2,1,1,128918.42,0.6658843950740703,0.2222222222222222,2,440,False,True,True,0,0.25088766,25.088766,Low,0
2025,617,27,4,0.0,2,0,0,190269.21,0.0,0.4,0,108,False,False,False,0,0.08825188,8.825188,Low,0
2025,717,33,0,115777.23,1,1,1,81508.1,1.4204209100578953,1.0,1,0,True,False,False,0,0.57866096,57.866096,Medium,1
2025,781,35,4,80790.74,1,1,0,116429.51,0.6938966427270653,0.2,0,140,False,True,True,0,0.47010964,47.010963,Medium,0
2025,619,34,1,0.0,1,1,0,139919.38,0.0,0.5,0,34,False,True,True,0,0.5425031,54.250313,Medium,1
2025,571,47,7,0.0,2,0,0,112366.98,0.0,0.25,0,329,False,False,False,0,0.62443364,62.443363,High,1
2025,570,58,8,0.0,1,0,1,116503.92,0.0,0.1111111111111111,1,464,False,False,False,1,0.7214997,72.14997,High,1
2025,809,41,1,79706.25,2,1,0,165675.01,0.4810971123701011,1.0,0,41,True,False,True,0,0.23848636,23.848637,Low,0
2025,703,26,1,97331.19,1,1,0,63717.49,1.5275187783012436,0.5,0,26,True,False,False,0,0.56905365,56.905365,Medium,1
2025,475,32,8,119023.28,1,1,0,100816.29,1.1805840049856529,0.1111111111111111,0,256,False,False,False,0,0.46208924,46.208923,Medium,0
2025,692,43,2,69014.49,2,0,0,164621.43,0.4192289592615053,0.6666666666666666,0,86,True,False,False,0,0.39728892,39.728893,Medium,0
2025,484,39,5,0.0,2,1,1,175224.12,0.0,0.3333333333333333,2,195,False,True,False,0,0.12569264,12.569263,Low,0
2025,705,57,3,0.0,2,1,1,34134.14,0.0,0.5,2,171,False,True,False,0,0.18816772,18.816772,Low,0
2025,674,45,6,72494.69,1,0,1,140041.78,0.5176610318646917,0.14285714285714285,1,270,False,False,False,0,0.68373513,68.37351,High,1
2025,639,77,6,80926.02,2,1,1,55829.25,1.449501300818105,0.2857142857142857,2,462,False,False,True,0,0.19927582,19.927582,Low,0
2025,571,38,1,121405.04,1,1,1,154844.22,0.7840412509989007,0.5,1,38,False,False,True,0,0.28502515,28.502516,Low,0
2025,524,29,9,144287.6,2,1,0,32063.3,4.4999454221673325,0.2,0,261,True,False,True,0,0.18759534,18.759533,Low,0
2025,671,50,8,0.0,1,0,1,2560.11,0.0,0.1111111111111111,1,400,False,True,True,0,0.5953457,59.53457,Medium,1
2025,653,30,4,0.0,2,1,0,120736.04,0.0,0.4,0,120,False,True,True,0,0.050148994,5.0148993,Low,0
2025,554,40,4,0.0,1,0,1,168780.04,0.0,0.2,1,160,False,False,True,0,0.78589195,78.589195,High,1
2025,711,34,6,0.0,2,1,1,175310.38,0.0,0.2857142857142857,2,204,False,False,False,0,0.098583944,9.858395,Low,0
2025,589,59,2,0.0,2,1,1,126160.24,0.0,0.6666666666666666,2,118,False,False,False,1,0.26722607,26.722607,Low,0
2025,637,32,5,0.0,1,0,0,148769.08,0.0,0.16666666666666666,0,160,False,False,True,0,0.5119498,51.194977,Medium,1
2025,445,48,7,168286.58,1,1,0,16645.77,10.109263238454066,0.125,0,336,True,False,False,1,0.905563,90.5563,Very High,1
2025,598,40,9,0.0,1,1,0,68462.59,0.0,0.1,0,360,False,False,False,1,0.70617783,70.61778,High,1
2025,651,45,10,135923.16,1,1,0,18732.84,7.255488463657211,0.09090909090909091,0,450,False,True,False,0,0.73558414,73.55841,High,1
2025,572,33,5,0.0,1,0,1,41139.05,0.0,0.16666666666666666,1,165,False,False,True,0,0.37543043,37.543045,Medium,0
2025,739,45,7,102703.62,1,0,1,147802.94,0.6948638852252518,0.125,1,315,True,False,True,1,0.702199,70.219894,High,1
2025,697,31,3,108805.42,2,0,1,123825.83,0.8786901837025142,0.5,2,93,True,False,True,0,0.08225776,8.225777,Low,0
2025,786,40,6,0.0,2,0,0,41248.8,0.0,0.2857142857142857,0,240,False,True,True,0,0.081729755,8.172976,Low,0
2025,599,40,10,137456.28,2,1,1,14113.11,9.738926506878578,0.18181818181818182,2,400,True,False,True,0,0.22528371,22.528372,Low,0
2025,735,31,3,119558.35,1,0,0,72927.68,1.6393872753490124,0.25,0,93,False,False,True,0,0.31290472,31.290472,Medium,0
2025,850,43,0,108508.82,3,1,0,184044.8,0.5895750948948578,3.0,0,0,True,False,True,1,0.94839525,94.83952,Very High,1
2025,708,33,8,0.0,2,0,1,15246.83,0.0,0.2222222222222222,2,264,False,False,False,0,0.060554337,6.0554338,Low,0
2025,687,40,1,0.0,2,1,0,8207.36,0.0,1.0,0,40,False,True,False,0,0.3025482,30.25482,Medium,0
2025,619,41,5,92467.58,1,1,0,38270.47,2.4160968993351966,0.16666666666666666,0,205,True,False,False,0,0.779794,77.9794,High,1
2025,776,38,2,169824.46,1,1,0,169291.7,1.003141068693452,0.3333333333333333,0,76,False,False,False,0,0.58532584,58.532585,Medium,1
2025,720,31,4,141356.47,1,0,0,137985.69,1.0244210510448508,0.2,0,124,False,True,True,0,0.3540791,35.40791,Medium,0
2025,785,39,1,130147.98,1,1,0,163798.41,0.7945570744119286,0.5,0,39,False,False,False,1,0.56950057,56.950058,Medium,1
2025,774,36,7,103688.19,1,0,1,118971.74,0.871528973780044,0.125,1,252,False,False,True,0,0.18046178,18.046179,Low,0
2025,699,36,2,123601.56,2,1,0,103557.85,1.1935393257070737,0.6666666666666666,0,72,True,False,True,0,0.20642258,20.642258,Low,0
2025,776,36,1,0.0,2,1,0,53477.76,0.0,1.0,0,36,False,False,True,0,0.083251216,8.325122,Low,0
2025,559,34,4,0.0,2,1,1,66721.98,0.0,0.4,2,136,False,False,True,0,0.050329812,5.0329814,Low,0
2025,670,37,2,0.0,2,1,1,54229.74,0.0,0.6666666666666666,2,74,False,False,True,0,0.07291317,7.291317,Low,0
2025,740,36,4,109044.6,1,0,0,94554.74,1.1532308879397486,0.2,0,144,True,False,False,1,0.680648,68.064804,High,1
2025,577,29,2,0.0,1,1,1,168924.41,0.0,0.3333333333333333,1,58,False,True,True,0,0.38267282,38.26728,Medium,0
2025,761,33,6,138053.79,2,1,0,148779.41,0.9279030081984584,0.2857142857142857,0,198,False,False,False,0,0.22248407,22.248407,Low,0
2025,795,32,2,117265.21,1,1,1,198317.23,0.5912981877661978,0.3333333333333333,1,64,False,False,True,0,0.10332188,10.332188,Low,0
2025,765,41,4,124182.21,1,0,0,100153.43,1.2399073111394077,0.2,0,164,False,False,True,0,0.42579272,42.579273,Medium,0
2025,517,59,8,154110.99,2,1,0,101240.08,1.522217957374615,0.2222222222222222,0,472,True,False,False,1,0.8497255,84.97255,Very High,1
2025,621,50,5,0.0,2,1,0,191756.54,0.0,0.3333333333333333,0,250,False,False,False,1,0.60059553,60.059555,High,1
2025,627,28,3,157597.61,1,0,1,34097.22,4.621872050799132,0.25,1,84,False,True,False,0,0.192877,19.287699,Low,0
2025,624,46,3,0.0,2,1,1,62825.03,0.0,0.5,2,138,False,True,True,0,0.07984961,7.984961,Low,0
2025,656,23,4,163549.63,1,0,1,21085.12,7.756269527063301,0.2,1,92,True,False,False,0,0.51697886,51.697887,Medium,1
2025,586,35,7,164769.02,3,1,0,119814.25,1.375192389950361,0.375,0,245,False,False,False,1,0.98137623,98.13763,Very High,1
2025,590,51,3,154962.99,3,0,1,191932.27,0.8073795126816732,0.75,3,153,False,True,False,1,0.99400985,99.400986,Very High,1
2025,523,30,1,83181.29,1,1,1,138176.78,0.6019874541333635,0.5,1,30,False,False,True,0,0.15048951,15.048951,Low,0
2025,728,37,0,0.0,2,1,1,72203.8,0.0,2.0,2,0,False,False,True,0,0.17920534,17.920534,Low,0
2025,593,38,4,88736.44,2,1,0,67020.03,1.3240088969089254,0.4,0,152,False,True,False,0,0.3176367,31.76367,Medium,0
2025,648,50,9,102535.57,1,1,1,189543.19,0.5409586545491054,0.1,1,450,False,False,False,0,0.5424486,54.244858,Medium,1
2025,530,33,4,129307.32,1,1,1,172930.28,0.7477381766907641,0.2,1,132,False,False,False,0,0.3878592,38.78592,Medium,0
2025,700,32,3,0.0,1,0,0,95740.37,0.0,0.25,0,96,False,False,False,0,0.49307638,49.30764,Medium,0
2025,546,29,5,0.0,1,1,1,94823.95,0.0,0.16666666666666666,1,145,False,False,True,0,0.26245758,26.245758,Low,0
2025,757,36,7,144852.06,1,0,0,130861.95,1.106898935107301,0.125,0,252,False,False,True,0,0.40489262,40.48926,Medium,0
2025,750,37,6,0.0,1,1,1,117948.0,0.0,0.14285714285714285,1,222,False,False,False,1,0.44471446,44.471447,Medium,0
2025,683,36,7,0.0,2,1,0,104786.59,0.0,0.25,0,252,False,True,False,0,0.13888568,13.888568,Low,0
2025,606,61,5,108166.09,2,0,1,8643.21,12.513126127199595,0.3333333333333333,2,305,False,False,True,0,0.3397745,33.977448,Medium,0
2025,650,20,8,0.0,2,1,1,113469.65,0.0,0.2222222222222222,2,160,False,True,True,0,0.008928967,0.89289665,Low,0
2025,678,34,6,0.0,2,1,1,124592.84,0.0,0.2857142857142857,2,204,False,False,False,0,0.09806487,9.806487,Low,0
2025,664,36,2,127160.78,2,1,0,78140.75,1.627309088931333,0.6666666666666666,0,72,True,False,False,0,0.31881917,31.881916,Medium,0
2025,627,44,6,153548.12,1,0,0,35300.08,4.349672021365918,0.14285714285714285,0,264,False,False,True,1,0.4955611,49.55611,Medium,0
2025,649,36,6,86607.39,1,0,0,19825.09,4.368354526787682,0.14285714285714285,0,216,False,True,False,0,0.4206301,42.06301,Medium,0
2025,779,33,1,158456.76,1,1,1,197000.92,0.804341196268544,0.5,1,33,True,False,True,1,0.4419227,44.19227,Medium,0
2025,766,47,9,129289.98,1,1,0,169935.46,0.7608136594112882,0.1,0,423,True,False,True,1,0.89514995,89.51499,Very High,1
2025,684,38,3,0.0,2,1,0,44255.65,0.0,0.5,0,114,False,True,False,0,0.1964885,19.64885,Low,0
2025,744,42,1,112419.92,1,1,1,83022.92,1.354066635254033,0.5,1,42,False,False,True,0,0.24068874,24.068874,Low,0
2025,783,58,3,127539.3,1,1,1,96590.39,1.3204002965481707,0.25,1,174,True,False,False,1,0.832285,83.2285,Very High,1
2025,744,30,1,128065.12,1,1,0,121525.48,1.053804240853516,0.5,0,30,False,True,True,0,0.38573688,38.57369,Medium,0
2025,513,35,8,0.0,1,1,0,76640.29,0.0,0.1111111111111111,0,280,False,False,True,1,0.56646025,56.646027,Medium,1
2025,758,33,0,129142.54,2,1,1,26606.28,4.8536543382111965,2.0,2,0,True,False,True,0,0.2983028,29.83028,Low,0
2025,622,28,1,143124.63,2,1,0,81723.8,1.7512998502290615,1.0,0,28,True,False,False,0,0.23547037,23.547037,Low,0
2025,680,44,0,129974.79,2,1,1,33391.38,3.8923487933474643,2.0,2,0,True,False,True,0,0.53712636,53.712635,Medium,1
2025,667,44,5,140406.68,2,0,1,57164.19,2.4561569724512413,0.3333333333333333,2,220,True,False,False,0,0.46973756,46.973755,Medium,0
2025,635,24,4,140197.18,1,1,1,142935.83,0.9808331414653593,0.2,1,96,False,True,True,0,0.17847602,17.847603,Low,0
2025,546,27,8,0.0,2,1,1,14858.1,0.0,0.2222222222222222,2,216,False,False,False,0,0.05120737,5.120737,Low,0
2025,610,35,7,81905.95,1,1,1,61623.19,1.3291201068930885,0.125,1,245,False,False,False,0,0.27559042,27.559042,Low,0
2025,678,36,1,117864.85,2,1,0,27619.06,4.267364010070941,1.0,0,36,True,False,True,0,0.28006017,28.006018,Low,0
2025,599,35,6,137102.65,1,0,0,76870.81,1.7835231146502208,0.14285714285714285,0,210,False,True,True,0,0.41012302,41.012302,Medium,0
2025,589,50,4,0.0,2,0,1,182076.97,0.0,0.4,2,200,False,False,False,0,0.36980936,36.980934,Medium,0
2025,698,29,5,95167.55,1,1,1,152723.23,0.6231332775421424,0.16666666666666666,1,145,False,False,True,0,0.12356317,12.3563175,Low,0
2025,748,45,2,119852.01,1,0,0,73853.94,1.6228028890146007,0.3333333333333333,0,90,True,False,True,1,0.81057364,81.057365,Very High,1
2025,535,48,9,109472.47,1,1,0,157358.43,0.695684205261801,0.1,0,432,False,True,True,1,0.7466748,74.66748,High,1
2025,601,48,8,120782.7,1,1,0,63940.68,1.8889509940933675,0.1111111111111111,0,384,True,False,False,1,0.91031003,91.031006,Very High,1
2025,810,38,9,153166.17,1,1,1,93261.69,1.6423091592146872,0.1,1,342,False,False,False,0,0.45918435,45.918434,Medium,0
2025,570,21,7,116099.82,1,1,1,148087.62,0.7839888034610628,0.125,1,147,False,True,True,0,0.16731015,16.731014,Low,0
2025,696,41,9,127523.75,1,0,1,191417.42,0.6662041719913893,0.1,1,369,False,True,True,0,0.14357004,14.357003,Low,0
2025,656,49,9,97092.87,1,1,0,74771.22,1.2985152774653475,0.1,0,441,True,False,False,1,0.9269019,92.690186,Very High,1
2025,838,41,5,0.0,2,1,0,81313.51,0.0,0.3333333333333333,0,205,False,True,False,0,0.19422713,19.422712,Low,0
2025,585,56,1,128472.8,1,1,0,186476.91,0.688943800367561,0.5,0,56,False,True,False,1,0.8958647,89.58647,Very High,1
2025,594,61,3,62391.22,1,1,1,192434.11,0.3242195252207355,0.25,1,183,False,False,True,0,0.6221379,62.21379,High,1
2025,688,41,2,112871.19,2,0,1,65520.74,1.7226525119754146,0.6666666666666666,2,82,True,False,True,0,0.2380582,23.805819,Low,0
2025,762,26,6,130428.78,1,1,0,173365.89,0.7523280829459419,0.14285714285714285,0,156,False,False,True,0,0.2762571,27.62571,Low,0
2025,669,25,1,157848.53,1,0,0,37543.93,4.204256873031858,0.5,0,25,False,False,True,1,0.22770035,22.770035,Low,0
2025,602,63,7,0.0,2,1,1,56323.21,0.0,0.25,2,441,False,False,False,0,0.21926972,21.926971,Low,0
2025,504,44,0,131873.07,2,1,1,158036.72,0.8344404740842882,2.0,2,0,True,False,False,1,0.6101973,61.01973,High,1
2025,682,38,4,107192.38,1,1,1,15669.17,6.840537147969678,0.2,1,152,False,False,True,0,0.21025735,21.025736,Low,0
2025,850,45,5,127258.79,1,1,1,192744.23,0.6602435245738636,0.16666666666666666,1,225,True,False,False,1,0.7707279,77.072784,High,1
2025,567,54,9,96402.96,1,0,0,52035.29,1.8526101687879748,0.1,0,486,False,False,True,1,0.8868708,88.68708,Very High,1
2025,617,50,7,0.0,1,1,0,184839.7,0.0,0.125,0,350,False,True,True,1,0.91242194,91.242195,Very High,1
2025,652,51,7,0.0,2,0,1,43496.36,0.0,0.25,2,357,False,False,True,0,0.16105121,16.105122,Low,0
2025,835,47,5,108289.28,2,1,1,45859.55,2.3612730331406837,0.3333333333333333,2,235,True,False,False,1,0.42703617,42.703617,Medium,0
2025,688,32,6,123157.95,1,1,0,172531.23,0.7138257588161933,0.14285714285714285,0,192,False,False,False,0,0.47354847,47.354847,Medium,0
2025,646,37,7,96558.66,1,0,0,163427.18,0.590832376643979,0.125,0,259,False,False,False,0,0.48253417,48.253418,Medium,0
2025,743,30,7,77599.23,1,0,0,144407.1,0.5373606466673267,0.125,0,210,False,False,True,0,0.34579334,34.579334,Medium,0
2025,507,29,4,89349.47,2,0,0,180626.68,0.4946610065522627,0.4,0,116,False,False,False,0,0.18384187,18.384188,Low,0
2025,652,31,2,119148.55,1,0,0,149740.22,0.7956964020995688,0.3333333333333333,0,62,False,False,True,0,0.21534343,21.534344,Low,0
2025,588,35,7,0.0,2,1,1,108739.15,0.0,0.25,2,245,False,True,False,0,0.08633501,8.633501,Low,0
2025,640,20,4,0.0,2,0,1,78310.82,0.0,0.4,2,80,False,False,False,0,0.037576903,3.7576902,Low,0
2025,545,37,9,95829.13,2,0,1,104936.88,0.9131986466660085,0.2,2,333,True,False,True,0,0.10680349,10.680349,Low,0
2025,350,40,0,111098.85,1,1,1,172321.21,0.64471579142352,1.0,1,0,False,False,False,1,0.73493826,73.49383,High,1
2025,651,41,1,90218.11,1,1,0,174337.68,0.5174876281041018,0.5,0,41,True,False,True,0,0.68106866,68.106865,High,1
2025,672,52,8,170008.84,1,0,0,56407.42,3.0138911885849664,0.1111111111111111,0,416,False,False,True,1,0.77244174,77.24417,High,1
2025,438,31,8,78398.69,1,1,0,44937.01,1.7445963895597514,0.1111111111111111,0,248,True,False,True,0,0.5479466,54.79466,Medium,1
2025,556,40,5,125909.85,1,1,1,95124.4,1.3236196641485871,0.16666666666666666,1,200,False,False,True,0,0.32186583,32.186584,Medium,0
2025,719,36,3,155423.17,1,1,1,199841.32,0.7777290115527082,0.25,1,108,False,False,True,0,0.17195073,17.195072,Low,0
2025,578,23,10,88980.32,1,1,1,125222.36,0.7105728515829635,0.09090909090909091,1,230,False,False,True,0,0.11759017,11.759017,Low,0
2025,674,21,9,120150.39,2,1,1,33964.03,3.5374733954305357,0.2,2,189,False,False,False,0,0.05242506,5.242506,Low,0
2025,692,36,3,79551.12,1,0,1,178267.07,0.446244355481046,0.25,1,108,False,False,False,0,0.43773565,43.773563,Medium,0
2025,719,38,0,0.0,1,1,0,126876.47,0.0,1.0,0,0,False,True,True,0,0.5992959,59.929592,Medium,1
2025,840,51,1,87779.83,1,0,1,36687.11,2.3925961299178398,0.5,1,51,True,False,False,1,0.8814057,88.14057,Very High,1
2025,526,28,1,112070.44,1,0,1,126281.83,0.8874558797898336,0.5,1,28,False,False,True,0,0.11804928,11.804928,Low,0
2025,468,56,10,0.0,3,0,1,62256.87,0.0,0.2727272727272727,3,560,False,False,False,1,0.95892364,95.892365,Very High,1
2025,625,49,4,128504.76,1,1,0,126812.63,1.0133355539148274,0.2,0,196,True,False,False,1,0.9129252,91.29252,Very High,1
2025,495,47,10,137682.68,1,1,0,71071.47,1.9372153521609703,0.09090909090909091,0,470,False,False,True,0,0.72800887,72.80089,High,1
2025,659,36,6,123841.49,2,1,0,96833.0,1.2789050333560528,0.2857142857142857,0,216,False,False,True,0,0.20700842,20.700842,Low,0
2025,787,85,10,0.0,2,1,1,116537.96,0.0,0.18181818181818182,2,850,False,False,False,0,0.16830002,16.830002,Low,0
2025,673,43,5,168069.73,1,1,1,146992.24,1.1433840767099224,0.16666666666666666,1,215,False,False,False,1,0.5962639,59.62639,Medium,1
2025,695,53,8,95231.91,1,0,0,70140.8,1.3577055336475539,0.1111111111111111,0,424,True,False,False,1,0.9525569,95.25569,Very High,1
2025,690,54,1,144027.8,1,1,1,108731.02,1.3246125658292744,0.5,1,54,True,False,False,1,0.8045734,80.457344,Very High,1
2025,720,60,9,115920.62,2,0,0,157552.08,0.7357559750656731,0.2,0,540,True,False,True,1,0.81986946,81.986946,Very High,1
2025,432,45,3,110219.14,1,1,0,43046.7,2.5603955612030376,0.25,0,135,True,False,False,1,0.87027097,87.0271,Very High,1
2025,641,31,10,155978.17,1,1,0,91510.71,1.7044613197589686,0.09090909090909091,0,310,False,False,True,0,0.4442222,44.422222,Medium,0
2025,676,48,3,80697.44,1,0,0,101397.86,0.7958416889499547,0.25,0,144,True,False,True,0,0.895334,89.5334,Very High,1
2025,468,46,7,91443.75,1,1,0,10958.18,8.344032126491216,0.125,0,322,False,False,True,0,0.6903921,69.03921,High,1
2025,515,28,9,0.0,2,0,0,94141.75,0.0,0.2,0,252,False,False,False,0,0.08045854,8.045854,Low,0
2025,671,32,6,123912.78,2,1,1,146636.44,0.8450282547213045,0.2857142857142857,2,192,False,True,True,0,0.07341314,7.3413143,Low,0
2025,772,26,7,152400.51,2,1,0,79414.0,1.9190393502486938,0.25,0,182,True,False,True,0,0.14713287,14.713287,Low,0
2025,571,40,10,112896.86,1,1,1,121402.53,0.9299306206335186,0.09090909090909091,1,400,False,False,True,0,0.30057558,30.057558,Medium,0
2025,726,42,2,109471.79,1,0,1,175161.05,0.6249743594574282,0.3333333333333333,1,84,False,False,False,0,0.55690897,55.690895,Medium,1
2025,606,23,10,70417.79,1,0,1,90896.04,0.7746983840177853,0.09090909090909091,1,230,False,True,False,0,0.14284834,14.284834,Low,0
2025,624,35,7,119656.45,2,1,1,4595.05,26.034627560622706,0.25,2,245,False,True,False,0,0.2244842,22.448421,Low,0
2025,636,67,7,136709.35,1,0,1,66753.1,2.047954357859667,0.125,1,469,True,False,True,1,0.6988667,69.88667,High,1
2025,463,41,8,123151.51,2,1,0,70127.93,1.756072850391415,0.2222222222222222,0,328,True,False,False,0,0.37065503,37.065502,Medium,0
2025,635,65,5,117325.54,1,1,0,155799.86,0.7530480897217128,0.16666666666666666,0,325,True,False,False,1,0.96635026,96.635025,Very High,1
2025,576,52,2,100549.43,2,1,1,16644.16,6.040760797733395,0.6666666666666666,2,104,False,True,True,0,0.31350785,31.350786,Medium,0
2025,795,56,5,0.0,1,1,0,35418.69,0.0,0.16666666666666666,0,280,False,True,False,1,0.96661353,96.661354,Very High,1
2025,521,39,6,0.0,2,0,1,27375.15,0.0,0.2857142857142857,2,234,False,False,False,0,0.12554747,12.554747,Low,0
2025,554,26,4,121365.39,1,1,1,8742.36,13.880863878417449,0.2,1,104,True,False,True,0,0.29523057,29.523056,Low,0
2025,733,44,3,106070.89,1,0,1,101617.43,1.0438154771727925,0.25,1,132,False,True,True,0,0.3862413,38.62413,Medium,0
2025,718,49,10,0.0,1,1,0,184474.72,0.0,0.09090909090909091,0,490,False,False,False,1,0.9349896,93.498955,Very High,1
2025,554,39,10,160132.75,1,1,0,32824.15,4.8783554682918435,0.09090909090909091,0,390,False,False,False,0,0.56558615,56.558617,Medium,1
2025,490,34,5,122952.9,2,0,0,154360.97,0.7965232628217948,0.3333333333333333,0,170,False,False,True,0,0.16138184,16.138184,Low,0
2025,652,42,4,0.0,2,1,1,38152.01,0.0,0.4,2,168,False,True,False,0,0.14837366,14.837366,Low,0
2025,674,26,6,166257.96,1,1,1,149369.41,1.1130582020896909,0.14285714285714285,1,156,False,False,True,0,0.14479777,14.479777,Low,0
2025,498,29,9,0.0,1,1,0,190035.83,0.0,0.1,0,261,False,False,False,0,0.5853462,58.534622,Medium,1
2025,811,42,10,0.0,2,1,1,3797.79,0.0,0.18181818181818182,2,420,False,False,True,0,0.043980584,4.3980584,Low,0
2025,850,31,6,131996.66,2,1,1,178747.43,0.738449339107482,0.2857142857142857,2,186,False,False,True,0,0.053457096,5.34571,Low,0
2025,634,36,2,85996.19,1,1,0,15887.68,5.412418778652475,0.3333333333333333,0,72,False,True,True,0,0.47070158,47.070156,Medium,0
2025,588,64,3,0.0,1,1,1,189703.65,0.0,0.25,1,192,False,False,False,0,0.646622,64.6622,High,1
2025,663,36,6,77253.5,1,0,0,35817.97,2.1567761440376425,0.14285714285714285,0,216,True,False,False,1,0.6521313,65.213135,High,1
2025,609,39,3,121778.71,1,1,1,138399.67,0.8798997143583192,0.25,1,117,False,False,True,0,0.29900157,29.900158,Low,0
2025,817,46,0,89087.89,1,0,1,87941.85,1.0130202739620104,1.0,1,0,True,False,False,1,0.8270186,82.70186,Very High,1
2025,763,32,9,160680.41,1,1,0,30886.35,5.202142948488621,0.1,0,288,True,False,True,0,0.61949277,61.949276,High,1
2025,634,38,2,148430.55,1,1,1,56055.72,2.647863628125227,0.3333333333333333,1,76,True,False,True,0,0.5926603,59.26603,Medium,1
2025,708,19,7,112615.86,1,1,1,4491.77,25.06601940450991,0.125,1,133,False,True,True,0,0.13196802,13.196802,Low,0
2025,529,34,9,0.0,1,1,1,93208.22,0.0,0.1,1,306,False,True,True,0,0.35084182,35.084183,Medium,0
2025,793,52,2,0.0,1,1,0,159123.82,0.0,0.3333333333333333,0,104,False,True,True,1,0.9392764,93.92764,Very High,1
2025,786,29,7,80895.44,2,1,0,64945.57,1.2455690885600272,0.25,0,203,False,True,True,0,0.09259548,9.259548,Low,0
2025,642,33,9,0.0,2,1,1,150475.14,0.0,0.2,2,297,False,True,False,0,0.06617123,6.6171227,Low,0
2025,603,35,1,123407.69,1,1,0,152541.89,0.8090032252568441,0.5,0,35,True,False,True,1,0.58583224,58.583225,Medium,1
2025,582,31,2,0.0,2,1,1,33747.03,0.0,0.6666666666666666,2,62,False,False,True,0,0.057277523,5.727752,Low,0
2025,598,35,8,0.0,3,0,1,88658.73,0.0,0.3333333333333333,3,280,False,True,False,0,0.93750757,93.750755,Very High,1
2025,644,47,9,137774.11,2,1,0,151902.78,0.906982762377605,0.2,0,423,True,False,True,0,0.66773677,66.773674,High,1
2025,627,29,5,139541.58,2,1,0,80607.33,1.7311062020513264,0.3333333333333333,0,145,True,False,True,0,0.17910874,17.910873,Low,0
2025,556,33,3,124213.36,2,1,0,62627.55,1.98333443772848,0.5,0,99,True,False,True,0,0.20337859,20.337858,Low,0
2025,696,24,9,0.0,1,0,0,10883.52,0.0,0.1,0,216,False,True,True,0,0.3111221,31.11221,Medium,0
2025,454,48,5,144837.79,1,1,1,93151.77,1.5548414717028811,0.16666666666666666,1,240,False,True,False,0,0.5098277,50.98277,Medium,1
2025,850,31,1,96399.31,2,1,0,106534.15,0.9048591943597958,1.0,0,31,False,False,True,0,0.100743495,10.074349,Low,0
2025,606,34,3,161572.24,1,0,1,191076.22,0.8455860934129144,0.25,1,102,False,True,True,0,0.14947459,14.947459,Low,0
2025,746,49,7,0.0,2,0,1,10096.25,0.0,0.25,2,343,False,True,True,0,0.0655707,6.55707,Low,0
2025,734,51,1,118537.47,1,1,1,116912.45,1.0138907884422195,0.5,1,51,False,False,True,0,0.5250842,52.50842,Medium,1
2025,694,47,4,0.0,2,1,0,197528.62,0.0,0.4,0,188,False,False,True,0,0.14541315,14.541314,Low,0
2025,622,32,6,169089.38,2,1,0,101057.95,1.6731757058627663,0.2857142857142857,0,192,False,False,False,0,0.2652814,26.528141,Low,0
2025,641,31,9,112494.99,1,1,1,32231.6,3.490099774762198,0.1,1,279,False,False,True,0,0.15743904,15.743904,Low,0
2025,539,22,0,100885.93,2,1,1,38772.65,2.601919860523835,2.0,2,0,False,False,False,0,0.21629798,21.629799,Low,0
2025,626,23,6,85897.95,1,1,0,109742.8,0.7827134653620523,0.14285714285714285,0,138,True,False,False,0,0.54307055,54.307056,Medium,1
2025,662,29,5,147092.65,1,1,0,10928.3,13.458560932539138,0.16666666666666666,0,145,False,False,True,0,0.4032895,40.32895,Medium,0
2025,496,41,1,176024.05,2,1,0,182337.98,0.9653670871691833,1.0,0,41,False,False,False,0,0.5370558,53.705578,Medium,1
2025,719,35,8,0.0,1,1,1,165162.4,0.0,0.1111111111111111,1,280,False,True,False,0,0.36184952,36.18495,Medium,0
2025,694,35,7,0.0,1,1,0,133570.43,0.0,0.125,0,245,False,True,False,1,0.64120543,64.120544,High,1
2025,629,35,8,112330.83,1,1,1,91001.02,1.2343773248110317,0.1111111111111111,1,280,True,False,True,0,0.5536314,55.363144,Medium,1
2025,707,46,7,127476.73,2,1,1,146011.55,0.8730532409714097,0.25,2,322,False,False,False,0,0.5130586,51.30586,Medium,1
2025,640,45,1,0.0,1,1,1,10908.33,0.0,0.5,1,45,False,False,True,0,0.6476541,64.76541,High,1
2025,760,32,7,0.0,2,1,1,105969.05,0.0,0.25,2,224,False,False,False,0,0.07091356,7.0913563,Low,0
2025,774,34,4,120875.23,2,0,1,113407.26,1.065841500433919,0.4,2,136,True,False,True,0,0.09640849,9.640848,Low,0
2025,710,34,9,134260.36,2,1,0,147074.67,0.912865873736968,0.2,0,306,True,False,True,0,0.21400788,21.40079,Low,0
2025,562,36,5,0.0,1,0,1,182843.24,0.0,0.16666666666666666,1,180,False,True,True,0,0.5516027,55.16027,Medium,1
2025,569,37,9,178755.84,1,1,0,199929.17,0.8940913720025346,0.1,0,333,False,False,True,0,0.49841017,49.841015,Medium,0
2025,685,43,6,117302.62,1,0,0,68701.73,1.7073938692101465,0.14285714285714285,0,258,False,True,False,0,0.584067,58.4067,Medium,1
2025,516,37,8,0.0,1,1,0,101834.58,0.0,0.1111111111111111,0,296,False,False,True,0,0.6159737,61.59737,High,1
2025,850,32,8,0.0,2,1,1,55593.8,0.0,0.2222222222222222,2,256,False,False,False,0,0.060327467,6.032747,Low,0
2025,559,40,7,144470.77,1,1,1,18917.95,7.6362995832221126,0.125,1,280,False,True,False,0,0.40513536,40.513535,Medium,0
2025,757,30,3,145396.49,1,0,1,198341.15,0.7330589589756892,0.25,1,90,False,True,True,0,0.105212644,10.521264,Low,0
2025,651,25,2,109175.14,2,1,0,114566.47,0.9529331493485891,0.6666666666666666,0,50,True,False,False,0,0.183449,18.3449,Low,0
2025,740,36,4,172381.8,1,1,1,86480.29,1.9932843277430297,0.2,1,144,False,False,True,0,0.23713838,23.713837,Low,0
2025,545,55,5,0.0,1,0,0,10034.77,0.0,0.16666666666666666,0,275,False,False,False,1,0.94510496,94.5105,Very High,1
2025,641,40,5,102145.13,1,1,1,100637.07,1.014975048706717,0.16666666666666666,1,200,False,True,True,0,0.28434423,28.434423,Low,0
2025,669,35,7,0.0,1,1,1,49108.23,0.0,0.125,1,245,False,False,False,1,0.2482865,24.82865,Low,0
2025,655,37,4,0.0,2,1,1,142415.97,0.0,0.4,2,148,False,False,True,0,0.052318793,5.231879,Low,0
2025,729,39,1,131513.26,1,1,1,193715.0,0.6788972516467406,0.5,1,39,True,False,False,0,0.65467083,65.46709,High,1
2025,512,33,3,176666.62,1,1,0,94670.77,1.8660960917916714,0.25,0,99,False,True,True,0,0.45276117,45.276115,Medium,0
2025,621,31,7,136658.61,1,1,1,148689.13,0.9190832639664783,0.125,1,217,False,False,True,0,0.16533777,16.533777,Low,0
2025,693,31,1,0.0,2,0,1,182270.88,0.0,1.0,2,31,False,False,True,0,0.04113582,4.113582,Low,0
2025,708,33,3,0.0,2,1,0,138613.21,0.0,0.5,0,99,False,True,True,0,0.055723827,5.572383,Low,0
2025,754,19,9,0.0,1,1,0,189641.11,0.0,0.1,0,171,False,True,False,0,0.40432015,40.432014,Medium,0
2025,778,48,3,102290.56,2,1,0,182691.31,0.5599062160853951,0.5,0,144,True,False,False,0,0.64968157,64.968155,High,1
2025,651,35,1,163700.78,3,1,1,29583.48,5.533333017852604,1.5,3,35,True,False,False,1,0.9891133,98.91132,Very High,1
2025,608,50,6,0.0,1,1,0,93568.77,0.0,0.14285714285714285,0,300,False,False,True,1,0.8802897,88.02897,Very High,1
2025,702,60,5,138597.54,2,1,1,41536.59,3.336677452880632,0.3333333333333333,2,300,True,False,False,1,0.48864198,48.864197,Medium,0
2025,613,24,7,140453.91,1,1,0,129001.3,1.088770587811225,0.125,0,168,False,False,False,0,0.47146338,47.14634,Medium,0
2025,717,36,2,148061.89,1,1,0,179128.69,0.8265625313146023,0.3333333333333333,0,72,False,False,True,1,0.36005932,36.00593,Medium,0
2025,463,35,2,101257.16,1,1,1,118113.64,0.8572786574128322,0.3333333333333333,1,70,False,False,True,0,0.35006207,35.006207,Medium,0
2025,692,24,2,120596.93,1,0,1,180490.53,0.6681583894823209,0.3333333333333333,1,48,True,False,True,0,0.30841964,30.841965,Medium,0
2025,684,40,6,137326.65,1,1,0,186976.6,0.734455089807549,0.14285714285714285,0,240,True,False,False,0,0.72863895,72.86389,High,1
2025,678,49,1,0.0,2,1,1,102472.9,0.0,1.0,2,49,False,True,False,0,0.19107108,19.107107,Low,0
2025,619,40,9,103604.31,2,0,0,140947.05,0.7350531632044572,0.2,0,360,True,False,True,0,0.31078154,31.078154,Medium,0
2025,632,40,3,109740.62,1,1,0,141896.74,0.7733782088425087,0.25,0,120,False,True,False,0,0.58148205,58.148205,Medium,1
2025,576,32,7,0.0,2,1,0,4660.91,0.0,0.25,0,224,False,False,True,0,0.051091567,5.1091566,Low,0
2025,791,25,7,0.0,1,1,0,89666.28,0.0,0.125,0,175,False,True,True,0,0.40487322,40.487324,Medium,0
2025,509,26,10,0.0,2,1,1,6177.83,0.0,0.18181818181818182,2,260,False,False,True,0,0.01869257,1.869257,Low,0
2025,567,36,7,0.0,2,0,1,3896.08,0.0,0.25,2,252,False,False,True,0,0.04479393,4.479393,Low,0
2025,630,28,8,106425.75,1,1,1,20344.84,5.23083588586168,0.1111111111111111,1,224,True,False,False,0,0.56662476,56.662476,Medium,1
2025,674,27,4,79144.34,1,0,1,50743.83,1.5596532691113556,0.2,1,108,False,False,False,0,0.11376027,11.376027,Low,0
2025,663,37,7,143625.83,2,0,1,176487.05,0.8137991779046796,0.25,2,259,True,False,True,0,0.112230346,11.223035,Low,0
2025,626,62,3,0.0,1,1,1,65010.74,0.0,0.25,1,186,False,True,True,0,0.6386324,63.863243,High,1
2025,710,37,6,135795.63,1,0,1,46523.6,2.918791993912898,0.14285714285714285,1,222,True,False,True,0,0.61028636,61.028637,High,1
2025,698,45,5,164450.94,1,1,0,141970.02,1.1583416108442415,0.16666666666666666,0,225,False,True,True,1,0.6226262,62.26262,High,1
2025,754,55,3,161608.81,1,1,0,8080.85,19.99651193724209,0.25,0,165,True,False,False,1,0.95430577,95.43058,Very High,1
2025,520,34,4,134007.9,1,1,1,193209.11,0.6935863759924364,0.2,1,136,False,False,True,0,0.22262418,22.262419,Low,0
2025,706,46,7,111288.18,1,1,1,149170.25,0.74604308806154,0.125,1,322,True,False,False,1,0.76272553,76.27255,High,1
2025,738,31,9,79019.8,1,1,1,18606.23,4.246725600747666,0.1,1,279,False,True,True,0,0.13866991,13.866991,Low,0
2025,850,39,6,0.0,2,1,0,103921.43,0.0,0.2857142857142857,0,234,False,True,False,0,0.15715961,15.715961,Low,0
2025,750,39,6,0.0,2,0,0,19264.33,0.0,0.2857142857142857,0,234,False,True,False,0,0.12675157,12.675158,Low,0
2025,617,54,6,102141.9,1,1,1,45325.26,2.2534817564917113,0.14285714285714285,1,324,False,False,True,0,0.49549603,49.549603,Medium,0
2025,616,37,9,0.0,1,1,0,111312.96,0.0,0.1,0,333,False,False,True,0,0.5988614,59.88614,Medium,1
2025,548,32,5,175214.71,1,1,1,155165.61,1.129203699172135,0.16666666666666666,1,160,True,False,True,0,0.49935263,49.935265,Medium,0
2025,507,40,3,120105.43,1,1,0,92075.01,1.304416101436194,0.25,0,120,True,False,True,1,0.6639947,66.399475,High,1
2025,809,38,2,154763.21,2,1,1,174800.31,0.8853664197367856,0.6666666666666666,2,76,False,False,False,0,0.20888089,20.888088,Low,0
2025,673,38,2,170061.92,2,0,0,134901.34,1.260629874915439,0.6666666666666666,0,76,False,False,False,1,0.381813,38.181297,Medium,0
2025,487,44,6,61691.45,1,1,1,53087.98,1.1620387131189938,0.14285714285714285,1,264,False,True,True,0,0.5087831,50.87831,Medium,1
2025,782,41,4,0.0,1,1,0,132943.88,0.0,0.2,0,164,False,True,False,0,0.7775449,77.75449,High,1
2025,778,42,6,0.0,2,1,1,106197.44,0.0,0.2857142857142857,2,252,False,False,True,0,0.057507854,5.7507854,Low,0
2025,608,56,5,0.0,2,0,1,153810.41,0.0,0.3333333333333333,2,280,False,True,False,0,0.25391153,25.391153,Low,0
2025,526,37,5,53573.18,1,1,0,62830.97,0.8526420546737592,0.16666666666666666,0,185,False,False,False,0,0.52623725,52.623726,Medium,1
2025,638,53,1,123916.67,1,1,0,16657.68,7.4385647602331035,0.5,0,53,True,False,False,1,0.94708943,94.70895,Very High,1
2025,681,34,7,0.0,2,0,0,130686.59,0.0,0.25,0,238,False,False,True,0,0.05674258,5.6742578,Low,0
2025,693,44,5,124601.58,2,1,1,46998.13,2.65114652122284,0.3333333333333333,2,220,True,False,True,1,0.34871,34.871,Medium,0
2025,529,61,1,0.0,2,1,1,191370.97,0.0,1.0,2,61,False,False,True,0,0.2638128,26.38128,Low,0
2025,779,38,7,0.0,2,1,1,138542.87,0.0,0.25,2,266,False,True,False,0,0.08152757,8.152757,Low,0
2025,550,45,8,111257.59,1,0,0,97623.42,1.139649177941339,0.1111111111111111,0,360,True,False,False,1,0.85466486,85.466484,Very High,1
2025,535,35,8,118989.92,1,1,1,135536.72,0.8779100017323591,0.1111111111111111,1,280,False,True,True,0,0.23714769,23.71477,Low,0
2025,618,44,5,157955.83,2,0,0,139297.71,1.1339360572685848,0.3333333333333333,0,220,True,False,True,0,0.39269346,39.269344,Medium,0
2025,458,35,9,146780.52,2,1,1,3476.38,42.21008920509119,0.2,2,315,True,False,True,0,0.14953619,14.953619,Low,0
2025,539,38,5,0.0,2,1,0,47388.41,0.0,0.3333333333333333,0,190,False,False,True,0,0.08952114,8.952114,Low,0
2025,715,38,0,0.0,2,1,1,332.81,0.0,2.0,2,0,False,False,False,0,0.34589258,34.589256,Medium,0
2025,592,41,2,138734.94,1,1,0,90020.74,1.5411270655288378,0.3333333333333333,0,82,False,True,False,0,0.59710133,59.710133,Medium,1
2025,645,29,1,130131.08,2,0,1,196474.35,0.6623277678344891,1.0,2,29,False,False,True,0,0.08358749,8.358749,Low,0
2025,733,38,9,111347.37,2,0,1,194872.97,0.5713814420674038,0.2,2,342,True,False,True,0,0.101448305,10.144831,Low,0
2025,565,58,3,108888.24,3,0,1,135875.51,0.801376485162888,0.75,3,174,True,False,False,1,0.98300964,98.300964,Very High,1
2025,566,34,3,0.0,1,0,0,188135.69,0.0,0.25,0,102,False,False,True,0,0.56558216,56.558216,Medium,1
2025,569,42,1,0.0,1,1,1,83629.6,0.0,0.5,1,42,False,True,False,1,0.64905286,64.90529,High,1
2025,680,34,3,143292.95,1,1,0,66526.01,2.153906360739796,0.25,0,102,False,False,True,0,0.430672,43.0672,Medium,0
2025,564,31,4,0.0,2,1,0,53520.03,0.0,0.4,0,124,False,False,True,0,0.060962554,6.0962553,Low,0
2025,601,39,3,72647.64,1,1,0,41777.9,1.7388595678679908,0.25,0,117,False,False,True,1,0.50328124,50.328125,Medium,1
2025,771,33,5,0.0,2,1,0,8673.43,0.0,0.3333333333333333,0,165,False,True,False,0,0.13731791,13.7317915,Low,0
2025,636,32,8,0.0,2,1,0,138555.46,0.0,0.2222222222222222,0,256,False,True,False,0,0.11927215,11.927215,Low,0
2025,659,39,8,106259.63,2,1,1,198103.32,0.5363821949970602,0.2222222222222222,2,312,True,False,True,0,0.110631295,11.063129,Low,0
2025,678,43,2,153393.18,2,1,1,193828.27,0.7913829526366167,0.6666666666666666,2,86,True,False,False,0,0.29120743,29.120743,Low,0
2025,732,46,0,0.0,2,1,1,184350.78,0.0,2.0,2,0,False,False,True,0,0.1211035,12.110351,Low,0
2025,651,28,10,79562.98,1,1,1,74687.37,1.0652659845167327,0.09090909090909091,1,280,False,False,True,0,0.123045616,12.304562,Low,0
2025,755,78,5,121206.96,1,1,1,76016.49,1.5944614851134917,0.16666666666666666,1,390,False,False,False,0,0.3971664,39.71664,Medium,0
2025,674,45,7,142072.02,1,1,0,37013.29,3.838301909883993,0.125,0,315,False,False,True,0,0.64627904,64.62791,High,1
2025,659,20,8,0.0,2,0,0,112572.02,0.0,0.2222222222222222,0,160,False,False,True,0,0.021715533,2.1715534,Low,0
2025,721,49,1,120108.56,1,0,1,183421.76,0.6548181915919267,0.5,1,49,False,False,False,0,0.64687985,64.68799,High,1
2025,766,26,3,104258.8,1,1,1,428.23,242.89728117792325,0.25,1,78,False,False,False,0,0.10150283,10.150283,Low,0
2025,575,30,8,0.0,2,1,0,185341.63,0.0,0.2222222222222222,0,240,False,True,False,0,0.12537304,12.537304,Low,0
2025,537,42,1,190569.23,1,0,1,127154.8,1.4987065474009051,0.5,1,42,False,True,True,0,0.24266537,24.266537,Low,0
2025,633,33,4,92855.02,1,1,1,159813.18,0.5810186555410791,0.2,1,132,False,True,False,0,0.39407736,39.407738,Medium,0
2025,707,40,1,0.0,2,1,0,14090.4,0.0,1.0,0,40,False,False,True,1,0.10214469,10.214469,Low,0
2025,602,38,7,111835.94,2,1,0,124389.61,0.899070597049086,0.25,0,266,False,False,True,0,0.24373884,24.373884,Low,0
2025,684,42,1,117691.0,1,1,1,23135.65,5.086777904320634,0.5,1,42,True,False,True,1,0.69019616,69.019615,High,1
2025,621,39,6,0.0,2,1,1,58883.91,0.0,0.2857142857142857,2,234,False,False,True,0,0.056875307,5.6875305,Low,0
2025,777,30,4,137851.31,1,1,0,5008.23,27.51946107485582,0.2,0,120,False,False,False,1,0.41780567,41.780567,Medium,0
2025,828,30,4,73070.18,2,0,0,161671.15,0.45196516530521796,0.4,0,120,False,False,True,0,0.055918723,5.591872,Low,0
2025,573,30,8,127406.5,1,1,0,192950.6,0.660302894611913,0.1111111111111111,0,240,True,False,True,0,0.5511558,55.11558,Medium,1
2025,673,43,8,127132.96,1,0,1,6009.27,21.15262043136165,0.1111111111111111,1,344,False,True,True,1,0.17929803,17.929802,Low,0
2025,481,44,9,175303.06,1,1,0,65500.53,2.67632007985157,0.1,0,396,False,False,True,1,0.5933292,59.33292,Medium,1
2025,738,44,2,0.0,2,1,0,43018.82,0.0,0.6666666666666666,0,88,False,True,True,1,0.1284101,12.84101,Low,0
2025,562,27,3,0.0,2,1,0,28137.03,0.0,0.5,0,81,False,False,False,0,0.115085214,11.508521,Low,0
2025,707,53,6,109663.47,1,1,1,52110.45,2.1044025833094264,0.14285714285714285,1,318,False,True,False,0,0.48699045,48.699043,Medium,0
2025,604,47,4,118907.6,1,0,1,47777.15,2.488744331875554,0.2,1,188,True,False,False,1,0.8338332,83.38332,Very High,1
2025,655,32,9,113447.01,1,1,0,82084.3,1.3820624399252972,0.1,0,288,True,False,True,0,0.5888897,58.888973,Medium,1
2025,674,44,3,88902.21,1,1,0,73731.32,1.2057427461932568,0.25,0,132,True,False,True,0,0.8297691,82.976906,Very High,1
2025,663,52,0,136298.65,1,1,0,144593.3,0.9426280980647231,1.0,0,0,False,True,True,1,0.87015563,87.015564,Very High,1
2025,510,38,4,0.0,1,1,0,118913.53,0.0,0.2,0,152,False,True,False,1,0.70839727,70.83973,High,1
2025,704,45,6,0.0,1,1,1,137739.45,0.0,0.14285714285714285,1,270,False,False,False,0,0.66044474,66.04447,High,1
2025,659,35,6,0.0,2,1,1,58879.11,0.0,0.2857142857142857,2,210,False,False,True,0,0.041484557,4.1484556,Low,0
2025,682,41,6,0.0,2,0,1,134158.09,0.0,0.2857142857142857,2,246,False,False,True,1,0.07657274,7.657274,Low,0
2025,598,56,4,98365.33,1,1,1,44251.33,2.222828266895777,0.2,1,224,False,True,False,0,0.50187874,50.187874,Medium,1
2025,552,42,8,103362.14,1,0,1,186869.58,0.5531215239980526,0.1111111111111111,1,336,True,False,False,1,0.7254091,72.54091,High,1
2025,587,37,6,104414.03,1,1,0,192026.02,0.5437465519175375,0.14285714285714285,0,222,True,False,False,0,0.6848276,68.482765,High,1
2025,686,37,9,134560.62,1,1,0,27596.39,4.875845868033172,0.1,0,333,False,False,True,0,0.47338513,47.338512,Medium,0
2025,697,30,1,0.0,2,0,0,735.79,0.0,1.0,0,30,False,True,True,0,0.05271847,5.2718472,Low,0
2025,778,45,1,162150.42,2,1,0,174531.27,0.929056958922267,1.0,0,45,True,False,False,0,0.51543385,51.543385,Medium,1
2025,850,36,7,102800.72,1,1,1,87352.43,1.176836673728782,0.125,1,252,True,False,True,0,0.5874835,58.748352,Medium,1
2025,656,36,8,97786.08,2,0,1,21478.36,4.552560225258108,0.2222222222222222,2,288,False,False,True,0,0.10929298,10.929297,Low,0
2025,656,32,1,104254.27,1,1,1,17034.37,6.119871185656667,0.5,1,32,False,True,False,0,0.309886,30.988602,Medium,0
2025,849,69,7,71996.09,1,1,1,139065.94,0.5177081627020771,0.125,1,483,False,False,True,0,0.38384807,38.384808,Medium,0
2025,632,47,3,0.0,2,1,0,178822.32,0.0,0.5,0,141,False,True,True,0,0.12166219,12.166219,Low,0
2025,770,30,8,0.0,2,0,1,50839.85,0.0,0.2222222222222222,2,240,False,True,True,0,0.014808981,1.480898,Low,0
2025,681,36,5,141952.07,1,1,1,185144.08,0.7667072222497082,0.16666666666666666,1,180,False,False,True,0,0.2036081,20.36081,Low,0
2025,660,37,2,97324.91,1,1,0,23291.83,4.178320538981309,0.3333333333333333,0,74,False,False,True,0,0.4144671,41.44671,Medium,0
2025,649,36,8,0.0,2,0,1,109179.89,0.0,0.2222222222222222,2,288,False,False,False,0,0.09585881,9.585881,Low,0
2025,807,42,9,105356.09,2,1,1,130489.37,0.8073859396674252,0.2,2,378,True,False,False,0,0.35673594,35.673595,Medium,0
2025,765,44,6,0.0,2,1,1,159899.97,0.0,0.2857142857142857,2,264,False,False,True,0,0.060783196,6.0783195,Low,0
2025,824,49,8,133231.48,1,1,1,67885.37,1.962565976056755,0.1111111111111111,1,392,True,False,True,0,0.8121325,81.21325,Very High,1
2025,619,25,4,0.0,1,1,0,145524.36,0.0,0.2,0,100,False,False,True,0,0.34419218,34.419216,Medium,0
2025,555,35,1,0.0,2,1,0,101667.0,0.0,1.0,0,35,False,True,False,0,0.2180514,21.80514,Low,0
2025,764,28,10,124023.18,1,1,0,166188.28,0.746276655148876,0.09090909090909091,0,280,True,False,True,0,0.5695516,56.95516,Medium,1
2025,752,53,8,114233.18,1,1,1,51587.04,2.214334562817273,0.1111111111111111,1,424,False,False,False,0,0.5809401,58.094013,Medium,1
2025,772,42,3,75075.31,2,1,0,92888.52,0.808221530265201,0.5,0,126,True,False,True,1,0.3693152,36.931522,Medium,0
2025,660,40,8,167181.01,1,1,1,185156.94,0.9029102937740613,0.1111111111111111,1,320,False,False,False,0,0.52115345,52.115345,Medium,1
2025,670,40,2,164948.98,3,0,0,177028.0,0.9317624795937389,1.0,0,80,True,False,True,1,0.95388997,95.389,Very High,1
2025,654,32,9,121455.65,1,1,0,190068.53,0.6390064204399306,0.1,0,288,False,False,True,1,0.37043798,37.043797,Medium,0
2025,754,61,5,146622.35,1,1,1,41815.22,3.5063511240375145,0.16666666666666666,1,305,False,False,True,1,0.4432643,44.32643,Medium,0
2025,613,41,7,0.0,2,1,0,60297.72,0.0,0.25,0,287,False,False,True,0,0.0963123,9.63123,Low,0
2025,581,37,7,0.0,2,1,1,74320.75,0.0,0.25,2,259,False,False,True,0,0.048422318,4.8422318,Low,0
2025,521,43,8,0.0,1,1,1,93180.09,0.0,0.1111111111111111,1,344,False,False,True,0,0.6382246,63.82246,High,1
2025,498,34,5,0.0,2,1,1,91711.66,0.0,0.3333333333333333,2,170,False,False,True,0,0.047486573,4.748657,Low,0
2025,416,25,0,97738.97,2,1,1,160523.33,0.6088732468156074,2.0,2,0,True,False,False,0,0.15735629,15.735629,Low,0
2025,708,59,2,0.0,1,1,0,179673.11,0.0,0.3333333333333333,0,118,False,False,False,1,0.96764797,96.76479,Very High,1
2025,737,45,2,99169.67,2,1,1,78650.95,1.2608672766536622,0.6666666666666666,2,90,True,False,False,0,0.4474535,44.74535,Medium,0
2025,819,35,1,0.0,2,0,1,3385.04,0.0,1.0,2,35,False,False,True,0,0.06890237,6.8902373,Low,0
2025,533,35,8,0.0,2,1,1,187900.12,0.0,0.2222222222222222,2,280,False,False,False,0,0.125272,12.527201,Low,0
2025,641,40,4,101090.27,1,1,1,51703.09,1.955169697406917,0.2,1,160,False,True,False,0,0.4076708,40.76708,Medium,0
2025,688,26,0,0.0,2,1,0,105784.85,0.0,2.0,0,0,False,False,True,0,0.10328704,10.328704,Low,0
2025,756,34,2,148200.72,1,0,0,194584.48,0.7616227068946768,0.3333333333333333,0,68,True,False,False,0,0.6416948,64.16948,High,1
2025,807,43,1,105799.32,2,1,0,34888.04,3.032451451802629,1.0,0,43,False,False,True,1,0.2472564,24.72564,Low,0
2025,769,29,2,123757.52,2,1,0,84872.66,1.458138131429704,0.6666666666666666,0,58,False,False,True,0,0.10182548,10.1825485,Low,0
2025,489,38,5,117289.92,1,0,0,85231.88,1.3761111908925288,0.16666666666666666,0,190,False,False,False,0,0.4294451,42.944508,Medium,0
2025,545,44,1,0.0,2,1,1,82614.89,0.0,1.0,2,44,False,True,False,0,0.1993407,19.93407,Low,0
2025,773,51,8,116197.65,2,1,1,86701.4,1.340189544926092,0.2222222222222222,2,408,True,False,True,0,0.33606893,33.60689,Medium,0
2025,727,38,2,62276.99,1,1,1,59280.79,1.0505247901590016,0.3333333333333333,1,76,False,True,True,0,0.29883188,29.883188,Low,0
2025,639,39,6,150555.83,1,1,0,30414.17,4.950024280646796,0.14285714285714285,0,234,False,False,True,0,0.500479,50.047897,Medium,1
2025,604,43,2,145081.72,1,1,1,23881.62,6.07478241499467,0.3333333333333333,1,86,False,True,True,0,0.33929744,33.929745,Medium,0
2025,585,37,6,152496.82,1,1,1,99907.29,1.5263680321222595,0.14285714285714285,1,222,True,False,True,0,0.5951082,59.510822,Medium,1
2025,769,51,9,156773.78,2,1,0,40257.79,3.894150320960963,0.2,0,459,False,False,True,0,0.56801414,56.801414,Medium,1
2025,581,28,3,104367.5,1,1,1,29937.75,3.486033986054862,0.25,1,84,False,False,True,0,0.11724439,11.72444,Low,0
2025,524,32,1,144875.71,1,0,0,187740.04,0.771678424706713,0.5,0,32,False,False,True,0,0.19909723,19.909723,Low,0
2025,683,35,1,132371.3,2,0,0,186123.57,0.7111973448749941,1.0,0,35,True,False,False,0,0.23607492,23.607492,Low,0
2025,730,37,1,0.0,2,1,1,124364.63,0.0,1.0,2,37,False,False,False,0,0.16894118,16.89412,Low,0
2025,551,27,2,113873.22,1,1,1,85129.77,1.3376270413153786,0.3333333333333333,1,54,False,True,True,1,0.1870421,18.70421,Low,0
2025,764,40,9,100480.53,1,1,0,124095.69,0.8096954882519429,0.1,0,360,False,False,False,0,0.61248064,61.248062,High,1
2025,680,47,5,0.0,2,1,1,179843.33,0.0,0.3333333333333333,2,235,False,False,False,0,0.20870271,20.870272,Low,0
2025,587,62,7,121286.27,1,0,1,6776.92,17.89432008639819,0.125,1,434,False,True,True,0,0.47222728,47.22273,Medium,0
2025,675,42,2,92616.64,2,1,0,8567.18,10.809371418434253,0.6666666666666666,0,84,True,False,True,0,0.390948,39.0948,Medium,0
2025,735,41,7,179904.0,1,1,1,137180.95,1.3114261752366108,0.125,1,287,False,False,True,0,0.32403323,32.403324,Medium,0
2025,653,38,8,119315.75,1,1,0,150468.35,0.7929571703473165,0.1111111111111111,0,304,False,False,True,0,0.49085957,49.085957,Medium,0
2025,615,66,7,0.0,2,1,1,74580.8,0.0,0.25,2,462,False,False,True,0,0.22575179,22.575178,Low,0
2025,789,51,3,104677.09,1,1,0,74265.38,1.4094815177473305,0.25,0,153,True,False,True,0,0.9409302,94.09302,Very High,1
2025,579,36,9,129829.59,1,1,1,60906.12,2.131599556833421,0.1,1,324,False,False,True,0,0.19445784,19.445784,Low,0
2025,714,49,5,140510.89,1,1,0,141914.94,0.9900994208261595,0.16666666666666666,0,245,True,False,False,0,0.91099584,91.09959,Very High,1
2025,688,32,6,124179.3,1,1,1,138759.15,0.8949204796910353,0.14285714285714285,1,192,False,True,True,0,0.19168288,19.168287,Low,0
2025,518,46,4,113625.93,1,0,0,92727.42,1.225362515612797,0.2,0,184,True,False,True,1,0.83641636,83.64164,Very High,1
2025,737,45,2,0.0,2,0,1,177695.67,0.0,0.6666666666666666,2,90,False,True,False,0,0.14534439,14.534439,Low,0
2025,773,23,8,0.0,2,1,0,56759.79,0.0,0.2222222222222222,0,184,False,True,False,0,0.05973938,5.973938,Low,0
2025,652,33,3,124832.51,1,1,0,195877.06,0.637297051032668,0.25,0,99,False,True,False,0,0.48399955,48.399956,Medium,0
2025,834,38,8,0.0,2,1,1,66485.26,0.0,0.2222222222222222,2,304,False,True,True,0,0.029179865,2.9179866,Low,0
2025,586,42,6,126704.49,2,1,0,41682.3,3.0396943140298394,0.2857142857142857,0,252,True,False,True,0,0.33475113,33.475113,Medium,0
2025,618,41,8,37702.79,1,1,1,195775.48,0.19258079417915777,0.1111111111111111,1,328,True,False,True,0,0.6533081,65.33081,High,1
2025,650,33,0,98064.97,1,1,0,52411.99,1.8710050695447829,1.0,0,0,False,False,True,0,0.19905354,19.905354,Low,0
2025,708,41,0,0.0,1,1,0,128400.62,0.0,1.0,0,0,False,False,True,0,0.5020336,50.203358,Medium,1
2025,544,22,3,66483.32,1,0,1,110317.39,0.6026494766647701,0.25,1,66,False,True,True,0,0.13876379,13.876379,Low,0
2025,710,31,5,0.0,2,1,0,9561.73,0.0,0.3333333333333333,0,155,False,True,False,0,0.1305805,13.05805,Low,0
2025,525,23,5,0.0,2,1,0,160249.1,0.0,0.3333333333333333,0,115,False,False,False,0,0.10466977,10.466977,Low,0
2025,825,29,3,148874.01,2,0,1,71192.82,2.0911086102698238,0.5,2,87,False,False,True,0,0.080370955,8.037095,Low,0
2025,694,31,10,0.0,2,1,0,160990.27,0.0,0.18181818181818182,0,310,False,False,False,0,0.13232335,13.232335,Low,0
2025,623,23,1,106012.2,2,0,1,191415.94,0.5538287259215406,1.0,2,23,False,False,True,0,0.051079914,5.107991,Low,0
2025,630,33,9,0.0,2,1,0,64804.59,0.0,0.2,0,297,False,False,True,0,0.05391001,5.3910007,Low,0
2025,570,29,4,153040.03,1,1,1,131363.57,1.1650023290145888,0.2,1,116,False,False,False,1,0.30135375,30.135376,Medium,0
2025,578,28,8,161592.76,1,1,0,177834.79,0.9086627613035598,0.1111111111111111,0,224,False,True,False,0,0.4785969,47.859688,Medium,0
2025,611,43,8,64897.75,1,1,0,114996.33,0.5643413634038286,0.1111111111111111,0,344,False,False,False,0,0.7174227,71.74227,High,1
2025,597,46,4,0.0,2,1,0,58667.16,0.0,0.4,0,184,False,True,False,1,0.2819194,28.191938,Low,0
2025,850,44,8,0.0,2,1,1,183617.32,0.0,0.2222222222222222,2,352,False,True,True,0,0.03218461,3.2184608,Low,0
2025,737,43,1,125537.38,1,1,0,138510.01,0.9063350270855725,0.5,0,43,True,False,False,1,0.7853197,78.53197,High,1
2025,703,42,7,0.0,2,0,1,72500.68,0.0,0.25,2,294,False,False,False,0,0.14102438,14.102438,Low,0
2025,681,25,5,0.0,1,0,1,90860.97,0.0,0.16666666666666666,1,125,False,False,True,0,0.13556385,13.556385,Low,0
2025,459,42,6,129634.25,2,1,1,177683.02,0.7295774262648943,0.2857142857142857,2,252,False,True,False,1,0.38828182,38.828182,Medium,0
2025,850,39,2,148586.64,1,1,1,176791.27,0.8404589182547406,0.3333333333333333,1,78,False,False,False,0,0.36149386,36.149387,Medium,0
2025,622,34,7,98675.74,1,1,0,138906.85,0.710368348513061,0.125,0,238,True,False,False,1,0.65822816,65.822815,High,1
2025,593,44,5,0.0,1,1,0,128046.98,0.0,0.16666666666666666,0,220,False,True,True,0,0.7529235,75.29235,High,1
2025,708,51,8,70754.18,1,1,1,92920.04,0.7614441250334693,0.1111111111111111,1,408,False,False,False,1,0.5402532,54.025322,Medium,1
2025,850,38,0,106831.69,1,0,1,148977.72,0.7170936224985689,1.0,1,0,False,False,False,0,0.21749114,21.749113,Low,0
2025,733,48,7,85915.52,1,1,1,23860.5,3.60059174821365,0.125,1,336,True,False,True,0,0.79546106,79.546104,High,1
2025,697,43,7,115371.94,2,1,0,64139.1,1.7987489885422692,0.25,0,301,True,False,True,0,0.37443176,37.443176,Medium,0
2025,443,35,6,161111.45,1,0,0,13946.66,11.55114549680735,0.14285714285714285,0,210,False,False,True,0,0.28391093,28.391092,Low,0
2025,596,21,4,210433.08,2,0,1,197297.77,1.0665706633650074,0.4,2,84,False,False,True,1,0.05603114,5.603114,Low,0
2025,645,25,1,157404.02,2,1,0,93073.04,1.6911699545866925,1.0,0,25,True,False,True,0,0.11536364,11.536365,Low,0
2025,621,47,7,107363.29,1,1,1,66799.28,1.6072281433550877,0.125,1,329,True,False,True,0,0.7055646,70.556465,High,1
2025,741,21,9,0.0,2,0,1,139259.54,0.0,0.2,2,189,False,False,False,0,0.023671057,2.3671057,Low,0
2025,595,64,2,105736.32,1,1,1,89935.73,1.1756744991729187,0.3333333333333333,1,128,True,False,False,1,0.7456504,74.56504,High,1
2025,630,49,1,0.0,2,0,1,162858.29,0.0,1.0,2,49,False,True,False,0,0.20093349,20.09335,Low,0
2025,562,45,6,136855.24,1,1,0,46864.0,2.9202014296383227,0.14285714285714285,0,270,False,False,True,0,0.6447892,64.47892,High,1
2025,777,35,3,0.0,2,1,1,17257.72,0.0,0.5,2,105,False,True,False,0,0.10389677,10.389677,Low,0
2025,720,64,3,45752.78,2,1,0,79623.28,0.5746083983428171,0.5,0,192,False,True,True,1,0.4850847,48.508472,Medium,0
2025,626,26,8,148610.41,3,0,1,104502.02,1.4220680895154991,0.3333333333333333,3,208,False,True,False,1,0.9182726,91.82726,Very High,1
2025,714,45,8,150900.29,2,0,1,139889.15,1.0787056129398676,0.2222222222222222,2,360,False,True,True,0,0.3678683,36.78683,Medium,0
2025,538,33,6,93791.38,1,1,1,199249.29,0.4707214227893972,0.14285714285714285,1,198,False,False,True,0,0.25180843,25.180843,Low,0
2025,633,36,6,125130.28,1,0,0,125961.48,0.993393270758086,0.14285714285714285,0,216,False,False,False,0,0.42265996,42.265995,Medium,0
2025,667,77,2,0.0,1,1,1,34702.92,0.0,0.3333333333333333,1,154,False,True,True,0,0.5296327,52.96327,Medium,1
2025,754,35,4,0.0,2,1,0,44830.71,0.0,0.4,0,140,False,False,False,0,0.15400012,15.400012,Low,0
2025,554,42,1,0.0,2,0,1,183492.9,0.0,1.0,2,42,False,True,True,0,0.089561164,8.956117,Low,0
2025,618,56,7,0.0,1,1,1,142400.27,0.0,0.125,1,392,False,False,True,1,0.6202171,62.02171,High,1
2025,583,22,2,0.0,2,0,1,5985.36,0.0,0.6666666666666666,2,44,False,True,False,0,0.046180338,4.618034,Low,0
2025,756,28,8,179960.2,1,1,0,89938.08,2.0009121729953208,0.1111111111111111,0,224,False,False,True,0,0.4997815,49.97815,Medium,0
2025,782,27,3,0.0,2,1,0,143614.01,0.0,0.5,0,81,False,True,False,0,0.08969526,8.969526,Low,0
2025,712,36,2,100749.5,3,0,0,70758.37,1.4238326316359233,1.0,0,72,False,False,True,1,0.9264268,92.642685,Very High,1
2025,793,54,2,128966.13,1,0,0,18633.4,6.920863027518997,0.3333333333333333,0,108,True,False,True,1,0.9348574,93.48574,Very High,1
2025,578,46,5,113226.47,1,1,0,56770.76,1.9944153572128114,0.16666666666666666,0,230,False,False,True,0,0.70532286,70.53229,High,1
2025,709,32,4,147307.91,1,0,1,40861.55,3.604961266489732,0.2,1,128,False,False,True,0,0.15106302,15.106302,Low,0
2025,513,41,9,107135.04,2,1,1,160546.58,0.667310214205658,0.2,2,369,False,True,False,0,0.36170945,36.170944,Medium,0
2025,507,46,6,92783.68,1,1,1,51424.29,1.804242231789067,0.14285714285714285,1,276,False,True,True,0,0.4604995,46.04995,Medium,0
2025,724,40,10,0.0,1,1,0,127847.25,0.0,0.09090909090909091,0,400,False,False,True,1,0.6233846,62.33846,High,1
2025,661,32,1,145980.23,1,0,1,56636.28,2.577458345457268,0.5,1,32,True,False,False,0,0.6190807,61.908073,High,1
2025,590,32,0,127763.24,1,1,0,100717.54,1.268517593682355,1.0,0,0,False,False,False,0,0.39293998,39.294,Medium,0
2025,554,31,6,135470.9,1,1,0,107074.81,1.2651867868195439,0.14285714285714285,0,186,True,False,False,0,0.6164434,61.64434,High,1
2025,597,28,2,0.0,3,1,1,78707.97,0.0,1.0,3,56,False,False,True,0,0.802041,80.2041,Very High,1
2025,474,26,6,0.0,2,0,0,152491.22,0.0,0.2857142857142857,0,156,False,False,True,0,0.042263072,4.2263074,Low,0
2025,593,48,3,133903.12,2,1,1,85902.39,1.5587640953401256,0.5,2,144,True,False,False,1,0.44089127,44.089127,Medium,0
2025,594,41,2,122545.65,2,1,1,42050.24,2.914198249564103,0.6666666666666666,2,82,True,False,True,0,0.29996872,29.996872,Low,0
2025,576,41,4,112609.91,1,0,0,191035.18,0.589469020999059,0.2,0,164,False,False,False,1,0.5902351,59.02351,Medium,1
2025,566,22,7,144954.75,2,1,0,102246.0,1.4176919616223458,0.25,0,154,True,False,True,0,0.11531014,11.531014,Low,0
2025,612,63,2,131629.17,2,1,0,122109.58,1.0779505756176084,0.6666666666666666,0,126,False,True,False,1,0.8427424,84.27424,Very High,1
2025,724,40,6,0.0,2,0,0,106149.48,0.0,0.2857142857142857,0,240,False,False,True,0,0.08643481,8.643481,Low,0
2025,790,34,2,164011.48,1,1,0,199420.41,0.8224366681591511,0.3333333333333333,0,68,True,False,False,0,0.6597924,65.97924,High,1
2025,657,29,7,83889.03,1,1,0,153059.62,0.5480771605393994,0.125,0,203,False,True,True,0,0.4069425,40.69425,Medium,0
2025,687,48,4,0.0,2,1,1,170893.85,0.0,0.4,2,192,False,False,True,0,0.09636966,9.636966,Low,0
2025,723,38,6,0.0,2,1,1,94415.6,0.0,0.2857142857142857,2,228,False,True,True,0,0.033856805,3.3856804,Low,0
2025,662,22,9,0.0,2,1,1,44377.65,0.0,0.2,2,198,False,False,False,0,0.029597651,2.9597652,Low,0
2025,786,39,7,0.0,2,0,0,100929.59,0.0,0.25,0,273,False,True,False,0,0.12589248,12.589248,Low,0
2025,524,40,2,180516.9,1,1,0,180002.42,1.0028526124670296,0.3333333333333333,0,80,False,False,True,0,0.47920895,47.920895,Medium,0
2025,625,52,8,121161.57,1,1,0,48988.28,2.4732261833609313,0.1111111111111111,0,416,False,True,True,0,0.82864636,82.86464,Very High,1
2025,759,22,5,0.0,1,1,0,22303.17,0.0,0.16666666666666666,0,110,False,False,False,0,0.32724187,32.724186,Medium,0
2025,678,41,1,143443.61,1,1,0,196622.28,0.7295352310265599,0.5,0,41,False,False,False,1,0.60909534,60.909534,High,1
2025,601,37,5,0.0,1,0,0,20708.6,0.0,0.16666666666666666,0,185,False,False,False,0,0.5152729,51.52729,Medium,1
2025,661,48,3,120320.54,1,0,0,96463.25,1.247307059351003,0.25,0,144,False,False,True,0,0.70528895,70.52889,High,1
2025,671,38,0,92674.94,2,1,0,3647.57,25.40034588893731,2.0,0,0,False,True,True,0,0.4022538,40.22538,Medium,0
2025,663,33,5,157274.36,2,1,1,28531.81,5.512052966392023,0.3333333333333333,2,165,False,False,True,0,0.1531147,15.311471,Low,0
2025,800,46,6,0.0,2,1,0,171928.04,0.0,0.2857142857142857,0,276,False,True,False,0,0.29777482,29.777483,Low,0
2025,650,30,6,0.0,1,0,0,67997.13,0.0,0.14285714285714285,0,180,False,True,False,1,0.48855537,48.855537,Medium,0
2025,807,37,10,130110.45,2,0,1,172097.95,0.7560211727032616,0.18181818181818182,2,370,True,False,True,0,0.09611083,9.611083,Low,0
2025,687,30,6,0.0,2,0,0,179206.92,0.0,0.2857142857142857,0,180,False,False,False,0,0.10010154,10.010154,Low,0
2025,478,50,2,0.0,1,0,1,93332.64,0.0,0.3333333333333333,1,100,False,False,False,1,0.8506546,85.06546,Very High,1
2025,497,27,7,149400.27,1,0,0,167522.19,0.8918184401813265,0.125,0,189,False,True,True,0,0.31162256,31.162256,Medium,0
2025,678,55,4,129646.91,1,1,1,184125.1,0.7041202197841588,0.2,1,220,True,False,True,1,0.69795775,69.79578,High,1
2025,705,44,10,106731.58,1,1,0,137419.87,0.7766766430746654,0.09090909090909091,0,440,True,False,False,1,0.8647649,86.476494,Very High,1
2025,702,39,8,0.0,2,1,0,99654.13,0.0,0.2222222222222222,0,312,False,True,True,0,0.07397293,7.397293,Low,0
2025,688,46,0,74458.25,1,0,1,6866.31,10.842418647184996,1.0,1,0,True,False,False,0,0.83451134,83.45113,Very High,1
2025,701,29,2,0.0,2,1,0,176943.59,0.0,0.6666666666666666,0,58,False,False,True,0,0.04628203,4.628203,Low,0
2025,621,26,2,75237.54,1,0,1,44220.4,1.7013830407902055,0.3333333333333333,1,52,False,False,True,0,0.116629235,11.662924,Low,0
2025,595,39,7,120962.13,1,0,0,23305.01,5.1901689735823515,0.125,0,273,False,False,False,0,0.3953075,39.53075,Medium,0
2025,717,38,7,97459.06,1,0,0,189175.71,0.5151747273752673,0.125,0,266,False,False,True,0,0.45815837,45.815838,Medium,0
2025,503,37,6,0.0,2,0,0,136506.86,0.0,0.2857142857142857,0,222,False,True,True,0,0.074454114,7.445411,Low,0
2025,576,46,4,137367.94,1,1,1,33450.11,4.106528602488826,0.2,1,184,True,False,True,0,0.7000977,70.009766,High,1
2025,760,51,2,100946.71,1,0,0,179614.8,0.5620146445914002,0.3333333333333333,0,102,False,False,False,1,0.8838645,88.38645,Very High,1
2025,841,32,2,117070.21,1,1,0,113482.2,1.0316082909188322,0.3333333333333333,0,64,True,False,True,0,0.5785214,57.85214,Medium,1
2025,694,37,10,143835.47,1,0,1,33326.71,4.315792174139777,0.09090909090909091,1,370,False,False,True,0,0.16762368,16.76237,Low,0
2025,850,39,6,206014.94,2,0,1,42774.84,4.816151827760717,0.2857142857142857,2,234,False,True,True,1,0.28982037,28.982037,Low,0
2025,689,57,4,0.0,2,1,0,136649.8,0.0,0.4,0,228,False,True,False,1,0.5234262,52.342617,Medium,1
2025,521,39,3,146408.68,1,0,0,72993.67,2.0057448030109595,0.25,0,117,False,True,False,0,0.440089,44.0089,Medium,0
2025,850,36,0,0.0,2,1,0,141242.57,0.0,2.0,0,0,False,True,True,0,0.1614642,16.14642,Low,0
2025,656,41,6,101179.23,2,1,1,35230.61,2.8718310063037142,0.2857142857142857,2,246,False,True,False,0,0.36357468,36.357468,Medium,0
2025,665,23,9,143672.9,1,1,1,115147.33,1.2477202231243822,0.1,1,207,False,False,False,0,0.25423002,25.423002,Low,0
2025,748,40,4,0.0,2,1,0,132368.47,0.0,0.4,0,160,False,True,False,0,0.1750524,17.505241,Low,0
2025,850,68,5,169445.4,1,1,1,186335.07,0.9093537284541849,0.16666666666666666,1,340,False,False,True,0,0.4169158,41.69158,Medium,0
2025,753,36,7,128518.98,1,1,1,44567.83,2.8836067718178824,0.125,1,252,False,False,False,1,0.39638764,39.638763,Medium,0
2025,656,50,7,0.0,2,0,1,72143.44,0.0,0.25,2,350,False,False,True,0,0.15569521,15.569522,Low,0
2025,687,50,5,0.0,2,1,0,110230.4,0.0,0.3333333333333333,0,250,False,True,False,0,0.38849908,38.849907,Medium,0
2025,636,33,0,0.0,1,1,0,92277.47,0.0,1.0,0,0,False,True,False,1,0.60307765,60.307766,High,1
2025,774,53,4,113709.28,1,1,1,153887.93,0.7389048711950886,0.2,1,212,False,False,True,1,0.526464,52.6464,Medium,1
2025,577,31,6,0.0,1,1,1,196395.25,0.0,0.14285714285714285,1,186,False,True,True,0,0.41419896,41.419895,Medium,0
2025,531,47,6,0.0,1,0,0,194998.34,0.0,0.14285714285714285,0,282,False,False,False,1,0.9412691,94.12691,Very High,1
2025,794,56,9,96951.21,1,1,1,71776.76,1.3507137865544985,0.1,1,504,False,False,True,0,0.41687825,41.687824,Medium,0
2025,713,47,1,0.0,1,1,0,107825.08,0.0,0.5,0,47,False,True,False,1,0.9002623,90.02623,Very High,1
2025,569,51,3,0.0,3,1,0,75084.96,0.0,0.75,0,153,False,True,False,1,0.9851843,98.51843,Very High,1
2025,827,38,5,0.0,2,0,0,103305.01,0.0,0.3333333333333333,0,190,False,False,True,0,0.07147953,7.147953,Low,0
2025,613,38,9,126265.88,2,0,0,15859.95,7.960801843521352,0.2,0,342,True,False,True,0,0.26235217,26.235216,Low,0
2025,660,24,5,85089.3,1,1,1,71638.0,1.1877510853026982,0.16666666666666666,1,120,True,False,True,0,0.31928146,31.928146,Medium,0
2025,608,28,4,0.0,2,1,0,10899.63,0.0,0.4,0,112,False,True,False,1,0.12196524,12.196524,Low,0
2025,737,45,10,0.0,2,1,0,1364.54,0.0,0.18181818181818182,0,450,False,False,True,0,0.12157165,12.157166,Low,0
2025,608,38,8,103653.51,2,1,1,137079.86,0.7561486702082261,0.2222222222222222,2,304,True,False,False,0,0.25690296,25.690296,Low,0
2025,535,38,8,85982.07,1,1,0,9238.35,9.306073479194966,0.1111111111111111,0,304,False,False,True,0,0.39983767,39.98377,Medium,0
2025,807,60,1,72948.58,2,1,1,17355.36,4.202988414621499,1.0,2,60,True,False,False,0,0.3912817,39.12817,Medium,0
2025,655,37,8,163708.58,2,0,0,76259.23,2.1467097594644025,0.2222222222222222,0,296,False,True,True,0,0.38319334,38.319336,Medium,0
2025,850,43,5,129305.09,2,0,1,19244.58,6.718690213545135,0.3333333333333333,2,215,True,False,True,0,0.2508105,25.08105,Low,0
2025,588,37,2,0.0,2,0,1,187816.59,0.0,0.6666666666666666,2,74,False,True,True,0,0.05096492,5.0964923,Low,0
2025,635,29,8,138296.94,2,1,0,141075.51,0.9802974286789486,0.2222222222222222,0,232,False,True,False,0,0.20551094,20.551094,Low,0
2025,766,28,3,62717.84,2,1,1,13182.43,4.7573233976286895,0.5,2,84,True,False,False,0,0.1241551,12.415509,Low,0
2025,799,38,2,0.0,2,1,1,59297.34,0.0,0.6666666666666666,2,76,False,True,True,0,0.049610328,4.961033,Low,0
2025,637,27,7,135842.89,1,1,1,101418.05,1.3394218344581221,0.125,1,189,True,False,False,0,0.56896436,56.896435,Medium,1
2025,603,42,6,0.0,1,1,1,90437.87,0.0,0.14285714285714285,1,252,False,True,False,0,0.4973977,49.73977,Medium,0
2025,641,41,6,0.0,2,1,0,65396.79,0.0,0.2857142857142857,0,246,False,False,True,0,0.0949472,9.4947195,Low,0
2025,508,43,9,0.0,1,1,0,103726.71,0.0,0.1,0,387,False,False,False,0,0.81368554,81.36855,Very High,1
2025,669,37,1,125529.55,1,1,1,162260.93,0.773622931762244,0.5,1,37,False,False,True,0,0.16818193,16.818193,Low,0
2025,554,44,7,85304.27,1,1,1,58076.52,1.4688001484911892,0.125,1,308,False,False,True,0,0.45494333,45.49433,Medium,0
2025,646,52,6,111739.4,2,0,1,68367.18,1.6343772790207376,0.2857142857142857,2,312,True,False,False,0,0.4637154,46.37154,Medium,0
2025,695,40,7,139022.24,1,0,1,193383.13,0.7188916691354145,0.125,1,280,True,False,True,0,0.651972,65.1972,High,1
2025,772,34,7,111565.91,1,1,1,121073.23,0.9214670206864004,0.125,1,238,True,False,True,0,0.5643038,56.43038,Medium,1
2025,762,51,3,99286.98,1,0,1,85578.63,1.1601707088474207,0.25,1,153,False,False,False,0,0.70175266,70.17526,High,1
2025,745,28,6,0.0,2,1,0,154389.18,0.0,0.2857142857142857,0,168,False,False,False,0,0.11019876,11.019876,Low,0
2025,466,47,5,102085.72,1,1,1,183536.24,0.5562125702663939,0.16666666666666666,1,235,True,False,False,1,0.7481978,74.81978,High,1
2025,642,55,7,0.0,2,1,1,101515.76,0.0,0.25,2,385,False,False,False,0,0.23907109,23.907108,Low,0
2025,735,41,7,74135.85,1,1,1,11783.1,6.291176245958538,0.125,1,287,False,False,True,1,0.29665896,29.665895,Low,0
2025,691,30,9,0.0,2,0,1,10963.04,0.0,0.2,2,270,False,True,True,0,0.015219192,1.5219193,Low,0
2025,705,50,4,77065.9,2,0,1,145159.26,0.5309021904479917,0.4,2,200,False,False,False,0,0.37978667,37.97867,Medium,0
2025,850,34,3,129668.43,2,1,1,88743.99,1.4611352145061933,0.5,2,102,True,False,False,0,0.15455598,15.455598,Low,0
2025,744,43,10,147832.15,1,0,1,24234.11,6.099916608589769,0.09090909090909091,1,430,False,False,False,0,0.45269576,45.269577,Medium,0
2025,420,31,1,108377.75,2,1,1,9904.63,10.941025457239974,1.0,2,31,True,False,False,0,0.20045328,20.045328,Low,0
2025,702,29,6,149218.39,1,1,1,9633.01,15.488710308583862,0.14285714285714285,1,174,False,False,False,0,0.28141147,28.141148,Low,0
2025,612,47,6,130024.87,1,1,1,45750.21,2.8419984957774886,0.14285714285714285,1,282,True,False,False,1,0.82511115,82.511116,Very High,1
2025,670,33,8,126679.69,1,1,1,39451.09,3.2109753881226575,0.1111111111111111,1,264,False,False,True,0,0.18034105,18.034105,Low,0
2025,612,43,4,139496.35,2,1,1,77128.23,1.808605505331766,0.4,2,172,False,False,False,0,0.47360262,47.360264,Medium,0
2025,543,31,4,138317.94,1,0,0,61843.73,2.2365355948679864,0.2,0,124,False,False,False,0,0.38498724,38.498722,Medium,0
2025,584,38,9,104584.16,1,1,0,176678.72,0.5919420746195432,0.1,0,342,False,False,True,0,0.5057634,50.57634,Medium,1
2025,553,27,3,0.0,2,0,0,159800.16,0.0,0.5,0,81,False,False,False,0,0.09096341,9.096341,Low,0
2025,611,61,3,131583.59,4,0,1,66238.23,1.9864903320887033,1.0,4,183,False,False,False,1,0.9999235,99.992355,Very High,1
2025,661,51,6,146606.6,1,1,1,68021.9,2.1552535984205323,0.14285714285714285,1,306,False,False,True,0,0.4997385,49.97385,Medium,0
2025,850,31,3,0.0,2,1,0,121866.87,0.0,0.5,0,93,False,False,True,0,0.05007984,5.007984,Low,0
2025,842,37,4,132446.08,2,1,0,87071.18,1.5211067415562582,0.4,0,148,False,False,False,1,0.25773495,25.773495,Low,0
2025,511,27,8,0.0,2,1,1,49089.36,0.0,0.2222222222222222,2,216,False,False,True,0,0.02332008,2.3320081,Low,0
2025,516,31,3,0.0,2,1,0,124202.26,0.0,0.5,0,93,False,True,False,0,0.152514,15.2514,Low,0
2025,493,48,7,0.0,2,1,0,48545.1,0.0,0.25,0,336,False,True,False,0,0.29362577,29.362577,Low,0
2025,850,37,4,137204.77,1,1,1,28865.59,4.75306470213489,0.2,1,148,False,True,True,0,0.26610944,26.610943,Low,0
2025,567,29,8,0.0,2,1,0,156125.72,0.0,0.2222222222222222,0,232,False,True,True,0,0.04781127,4.781127,Low,0
2025,679,34,7,160515.37,1,1,0,121904.14,1.3167235606308314,0.125,0,238,False,False,True,0,0.48780045,48.780045,Medium,0
2025,572,19,1,138657.08,1,1,1,16161.82,8.578767814032451,0.5,1,19,True,False,False,0,0.30130202,30.130201,Medium,0
2025,606,36,0,94153.56,1,0,1,120138.27,0.78370344684132,1.0,1,0,False,True,True,0,0.21792659,21.79266,Low,0
2025,797,24,5,0.0,2,1,0,182257.61,0.0,0.3333333333333333,0,120,False,False,True,0,0.029948847,2.9948847,Low,0
2025,675,36,7,89409.95,1,1,1,149399.7,0.5984573700123225,0.125,1,252,True,False,True,0,0.5541122,55.41122,Medium,1
2025,591,44,10,113581.98,1,1,0,1985.41,57.17952487150185,0.09090909090909091,0,440,True,False,False,0,0.8768329,87.68329,Very High,1
2025,671,45,2,106376.85,1,0,1,158264.62,0.6721412395187282,0.3333333333333333,1,90,False,False,True,0,0.59413433,59.413433,Medium,1
2025,731,37,8,0.0,2,1,1,170338.35,0.0,0.2222222222222222,2,296,False,False,True,0,0.035632305,3.5632305,Low,0
2025,701,43,2,0.0,2,1,1,165303.79,0.0,0.6666666666666666,2,86,False,False,True,0,0.06915852,6.9158516,Low,0
2025,662,72,7,140301.72,1,0,1,179258.67,0.7826730909412027,0.125,1,504,False,True,False,0,0.4123621,41.23621,Medium,0
2025,496,59,7,91680.1,2,1,0,163141.18,0.5619644165598376,0.25,0,413,True,False,False,1,0.83536136,83.53613,Very High,1
2025,811,52,10,76915.4,1,0,0,146359.81,0.525519092166817,0.09090909090909091,0,520,True,False,True,1,0.9505705,95.05705,Very High,1
2025,638,42,8,145177.84,1,1,0,193471.74,0.7503787872131237,0.1111111111111111,0,336,True,False,True,1,0.7084967,70.84967,High,1
2025,495,34,9,117160.32,1,1,1,116069.24,1.009391554631058,0.1,1,306,True,False,False,1,0.5963769,59.637688,Medium,1
2025,622,40,4,99799.76,2,1,0,197372.13,0.5056400534358451,0.4,0,160,False,False,True,0,0.18054461,18.054462,Low,0
2025,607,29,7,102609.0,1,1,0,163257.44,0.6285065568432481,0.125,0,203,True,False,True,0,0.54530203,54.530205,Medium,1
2025,786,24,2,120135.55,2,1,1,125449.47,0.9576333193490626,0.6666666666666666,2,48,True,False,True,0,0.041033972,4.1033974,Low,0
2025,798,49,5,132571.67,1,1,1,31686.33,4.183743786554437,0.16666666666666666,1,245,True,False,False,1,0.8908762,89.087616,Very High,1
2025,559,49,2,147069.78,1,1,0,120540.83,1.2200725673403165,0.3333333333333333,0,98,False,False,True,1,0.77214146,77.21414,High,1
2025,816,34,2,108410.87,2,1,0,102908.91,1.0534541328429885,0.6666666666666666,0,68,True,False,False,0,0.265878,26.5878,Low,0
2025,682,40,4,0.0,2,1,1,140745.91,0.0,0.4,2,160,False,False,True,0,0.05879545,5.8795447,Low,0
2025,533,47,9,83347.25,1,1,1,137696.25,0.6052934971468202,0.1,1,423,False,False,True,0,0.5970612,59.706123,Medium,1
2025,651,40,1,134760.21,2,0,0,174434.06,0.77255231832408,1.0,0,40,True,False,True,1,0.21299556,21.299557,Low,0
2025,395,34,5,106011.59,1,1,1,17376.57,6.10048412982943,0.16666666666666666,1,170,True,False,False,1,0.57942545,57.942547,Medium,1
2025,543,30,6,73481.05,1,1,1,176692.65,0.41586695390581385,0.14285714285714285,1,180,True,False,True,0,0.4669255,46.69255,Medium,0
2025,731,35,2,127862.93,2,1,0,139083.7,0.9193170061121028,0.6666666666666666,0,70,True,False,True,0,0.1638132,16.38132,Low,0
2025,739,40,5,149131.03,3,1,1,60036.99,2.483944415860691,0.5,3,200,True,False,True,1,0.9698966,96.98966,Very High,1
2025,595,30,5,100683.54,1,1,1,178361.04,0.5644897311109471,0.16666666666666666,1,150,False,True,False,0,0.36460316,36.460316,Medium,0
2025,664,53,7,187602.18,1,1,0,186392.99,1.0064819150016586,0.125,0,371,False,True,False,1,0.83890957,83.89095,Very High,1
2025,639,27,2,0.0,2,0,0,125244.18,0.0,0.6666666666666666,0,54,False,False,False,0,0.081158735,8.115873,Low,0
2025,683,38,5,127616.56,1,1,0,123846.07,1.0304366506208018,0.16666666666666666,0,190,False,False,False,0,0.54482096,54.482098,Medium,1
2025,769,73,1,0.0,1,1,1,29792.11,0.0,0.5,1,73,False,False,False,0,0.6735488,67.35488,High,1
2025,593,32,3,0.0,2,1,1,151978.36,0.0,0.5,2,96,False,False,False,0,0.1270129,12.701289,Low,0
2025,624,45,3,68639.57,1,1,0,168002.31,0.4085608194267125,0.25,0,135,False,False,False,1,0.78696114,78.69611,High,1
2025,612,62,0,167026.61,2,1,1,192892.05,0.8659026854518604,2.0,2,0,False,True,False,0,0.67260885,67.26089,High,1
2025,548,29,4,0.0,2,0,1,48673.18,0.0,0.4,2,116,False,False,False,0,0.07711844,7.711844,Low,0
2025,525,25,10,0.0,2,1,0,69361.95,0.0,0.18181818181818182,0,250,False,True,False,0,0.08640594,8.6405945,Low,0
2025,805,31,4,0.0,2,1,0,4798.12,0.0,0.4,0,124,False,False,False,0,0.11498408,11.498408,Low,0
2025,465,33,6,0.0,2,1,1,95500.98,0.0,0.2857142857142857,2,198,False,True,False,0,0.093887374,9.388738,Low,0
2025,706,46,4,105214.58,1,1,0,108699.59,0.9679301648684704,0.2,0,184,True,False,False,1,0.8742425,87.42425,Very High,1
2025,649,70,9,116854.71,2,0,1,107125.79,1.0908075374983233,0.2,2,630,True,False,True,0,0.3225084,32.25084,Medium,0
2025,507,36,4,83543.37,1,0,0,140134.43,0.5961616559067182,0.2,0,144,False,False,True,0,0.46615222,46.615223,Medium,0
2025,561,27,9,135637.0,1,1,0,153080.4,0.8860449407962039,0.1,0,243,False,False,False,1,0.4792164,47.92164,Medium,0
2025,648,39,6,130694.89,2,1,1,153955.38,0.8489085674786585,0.2857142857142857,2,234,False,False,False,1,0.28368843,28.368843,Low,0
2025,579,29,10,73194.52,2,1,1,129209.09,0.5664768130724157,0.18181818181818182,2,290,False,False,False,0,0.11939627,11.939627,Low,0
2025,650,46,9,149003.76,2,1,0,176902.83,0.8422867950343417,0.2,0,414,True,False,False,0,0.70278066,70.27807,High,1
2025,501,24,4,130806.42,2,1,0,80241.14,1.6301462049740947,0.4,0,96,True,False,True,0,0.13082302,13.082302,Low,0
2025,535,38,8,0.0,2,1,0,136620.64,0.0,0.2222222222222222,0,304,False,False,False,0,0.21559852,21.559853,Low,0
2025,718,35,8,0.0,2,1,0,94820.85,0.0,0.2222222222222222,0,280,False,False,True,0,0.05901053,5.901053,Low,0
2025,505,34,10,104498.79,1,0,1,126451.14,0.8263900476496483,0.09090909090909091,1,340,False,False,True,0,0.19187038,19.187038,Low,0
2025,631,33,7,0.0,1,1,1,58043.02,0.0,0.125,1,231,False,False,True,1,0.23364858,23.364859,Low,0
2025,473,25,6,110666.42,2,0,0,46758.42,2.3667192621294277,0.2857142857142857,0,150,False,False,False,0,0.1409509,14.09509,Low,0
2025,611,34,4,0.0,2,1,0,170950.58,0.0,0.4,0,136,False,True,True,0,0.06069348,6.069348,Low,0
2025,477,57,9,114023.64,2,1,1,71167.17,1.6021718698120242,0.2,2,513,False,False,False,1,0.3745682,37.456818,Medium,0
2025,695,36,4,161533.0,1,1,0,100940.91,1.6002570191112888,0.2,0,144,False,False,True,0,0.51359725,51.359726,Medium,1
2025,581,50,4,0.0,2,1,1,80701.72,0.0,0.4,2,200,False,True,False,0,0.17691404,17.691404,Low,0
2025,610,50,5,130554.51,3,1,0,184758.17,0.7066199204077394,0.5,0,250,False,True,False,1,0.9970045,99.700455,Very High,1
2025,636,48,1,170833.46,1,1,0,110510.28,1.5458463606611017,0.5,0,48,False,False,False,1,0.7783417,77.83417,High,1
2025,687,35,1,125141.24,2,1,1,148537.07,0.842485970095074,1.0,2,35,True,False,True,0,0.09203137,9.203136,Low,0
2025,477,22,5,82559.42,2,0,0,163112.9,0.5061458281605675,0.3333333333333333,0,110,False,False,True,1,0.054470494,5.4470496,Low,0
2025,494,37,5,107106.33,2,1,0,172063.09,0.6224792750189769,0.3333333333333333,0,185,True,False,True,0,0.2450625,24.50625,Low,0
2025,704,44,9,153656.85,1,1,0,158742.81,0.9679549079740496,0.1,0,396,False,True,False,0,0.6962094,69.62093,High,1
2025,484,29,4,130114.39,1,1,0,164017.89,0.7932890534742675,0.2,0,116,False,False,False,0,0.4472291,44.722908,Medium,0
2025,537,39,3,135309.36,1,1,0,31728.86,4.2644171767540096,0.25,0,117,True,False,True,1,0.66927147,66.92715,High,1
2025,548,37,9,0.0,2,0,0,98029.58,0.0,0.2,0,333,False,False,False,0,0.15691935,15.691935,Low,0
2025,748,60,3,0.0,2,1,1,78194.37,0.0,0.5,2,180,False,True,True,0,0.12753676,12.753675,Low,0
2025,695,44,8,0.0,2,1,1,70974.13,0.0,0.2222222222222222,2,352,False,True,True,0,0.050064567,5.006457,Low,0
2025,702,23,7,98775.23,1,1,0,114603.96,0.8618756989226295,0.125,0,161,True,False,False,0,0.5713875,57.138752,Medium,1
2025,585,40,7,0.0,2,0,0,146156.98,0.0,0.25,0,280,False,False,True,0,0.11499455,11.4994545,Low,0
2025,706,38,5,163034.82,2,1,1,135662.17,1.201761834107223,0.3333333333333333,2,190,True,False,True,0,0.1384994,13.849939,Low,0
2025,850,39,7,79259.99,1,0,1,186910.74,0.4240503566014634,0.125,1,273,False,False,False,0,0.39684838,39.684837,Medium,0
2025,712,42,1,87842.98,1,0,0,92223.59,0.9524897860754924,0.5,0,42,False,False,False,0,0.567489,56.7489,Medium,1
2025,518,38,10,84764.79,1,1,1,162253.9,0.5224174431712078,0.09090909090909091,1,380,False,False,False,0,0.5096771,50.967712,Medium,1
2025,569,35,4,93934.63,1,1,0,184748.23,0.5084439594146075,0.2,0,140,False,False,False,0,0.53229547,53.229546,Medium,1
2025,721,32,10,0.0,1,1,0,136119.96,0.0,0.09090909090909091,0,320,False,True,False,1,0.57285523,57.285522,Medium,1
2025,605,39,3,0.0,2,1,0,199390.45,0.0,0.5,0,117,False,False,True,0,0.08995456,8.995457,Low,0
2025,738,49,3,0.0,3,1,1,65066.48,0.0,0.75,3,147,False,True,True,1,0.89752984,89.75298,Very High,1
2025,662,22,2,126362.57,2,1,1,97382.8,1.2975727995826822,0.6666666666666666,2,44,False,False,False,0,0.078247115,7.8247113,Low,0
2025,841,27,8,0.0,1,1,0,171922.72,0.0,0.1111111111111111,0,216,False,False,True,0,0.3834552,38.34552,Medium,0
2025,703,45,7,0.0,2,1,1,68831.72,0.0,0.25,2,315,False,False,False,0,0.17867321,17.867321,Low,0
2025,651,44,2,0.0,3,1,0,102530.35,0.0,1.0,0,88,False,False,True,1,0.9043481,90.43481,Very High,1
2025,565,33,8,130368.31,2,1,0,105642.43,1.234040867472781,0.2222222222222222,0,264,True,False,True,0,0.21576904,21.576904,Low,0
2025,565,44,1,0.0,2,0,1,89602.81,0.0,1.0,2,44,False,False,False,0,0.23868184,23.868183,Low,0
2025,521,38,6,0.0,2,1,0,51454.06,0.0,0.2857142857142857,0,228,False,False,True,0,0.088110074,8.8110075,Low,0
2025,714,40,9,46520.69,1,1,1,96687.25,0.48114109004972166,0.1,1,360,False,False,True,0,0.3564821,35.64821,Medium,0
2025,636,28,2,115265.14,1,0,0,191627.85,0.6015020180938309,0.3333333333333333,0,56,True,False,False,0,0.5800291,58.002907,Medium,1
2025,456,32,9,133060.63,1,1,1,125167.92,1.0630484788076786,0.1,1,288,True,False,True,0,0.475079,47.5079,Medium,0
2025,686,39,3,111695.62,1,0,0,136643.84,0.8174155716381241,0.25,0,117,False,False,False,0,0.48211458,48.21146,Medium,0
2025,548,32,2,98986.28,1,1,1,55867.38,1.7717764502926343,0.3333333333333333,1,64,True,False,True,0,0.43862224,43.862225,Medium,0
2025,554,44,9,135814.7,2,0,0,115091.38,1.180049452448546,0.2,0,396,False,False,False,0,0.56790745,56.790745,Medium,1
2025,649,41,2,125785.23,1,1,1,70523.92,1.7835572163711777,0.3333333333333333,1,82,False,False,False,0,0.50344557,50.344555,Medium,1
2025,750,38,1,0.0,2,1,0,47764.99,0.0,1.0,0,38,False,False,False,0,0.18283394,18.283394,Low,0
2025,724,41,4,142880.28,3,0,0,185541.2,0.7700689115468071,0.6,0,164,False,True,False,1,0.9918783,99.18783,Very High,1
2025,595,46,10,0.0,1,1,0,73489.15,0.0,0.09090909090909091,0,460,False,False,True,1,0.7773407,77.73407,High,1
2025,691,21,3,103000.94,1,1,1,104648.58,0.9842460906197616,0.25,1,63,False,True,True,0,0.14988893,14.9888935,Low,0
2025,807,47,1,95120.59,1,0,0,127875.1,0.7438496325740306,0.5,0,47,False,False,True,0,0.62097543,62.09754,High,1
2025,470,30,4,125385.01,1,1,0,68293.93,1.8359343804876878,0.2,0,120,False,True,True,0,0.4220397,42.203968,Medium,0
2025,662,74,6,0.0,2,1,0,123583.85,0.0,0.2857142857142857,0,444,False,False,True,0,0.46290323,46.29032,Medium,0
2025,519,39,2,112957.26,2,1,0,97593.16,1.157418230762988,0.6666666666666666,0,78,False,False,True,0,0.20219663,20.219664,Low,0
2025,755,31,5,0.0,2,0,1,194660.78,0.0,0.3333333333333333,2,155,False,False,True,0,0.02762047,2.762047,Low,0
2025,593,41,6,0.0,2,1,1,99136.49,0.0,0.2857142857142857,2,246,False,False,True,0,0.06760037,6.760037,Low,0
2025,713,47,1,95994.98,1,1,0,197529.23,0.4859761465371654,0.5,0,47,True,False,True,0,0.86756676,86.756676,Very High,1
2025,619,28,6,99152.73,2,1,0,48475.12,2.0453932781749034,0.2857142857142857,0,168,True,False,False,0,0.19040859,19.04086,Low,0
2025,584,48,2,213146.2,1,1,0,75161.25,2.8358145212523573,0.3333333333333333,0,96,False,True,False,1,0.68864906,68.86491,High,1
2025,641,36,1,0.0,2,1,0,102021.39,0.0,1.0,0,36,False,True,False,0,0.22285645,22.285645,Low,0
2025,602,42,6,158414.85,1,1,1,131886.46,1.2011365599125194,0.14285714285714285,1,252,True,False,False,0,0.7159367,71.59367,High,1
2025,539,39,1,0.0,1,1,1,28184.7,0.0,0.5,1,39,False,False,True,0,0.58372796,58.372795,Medium,1
2025,713,32,1,117094.02,1,0,0,149558.83,0.7829242651586326,0.5,0,32,False,False,False,1,0.33628428,33.62843,Medium,0
2025,850,22,7,91560.58,2,0,0,10541.38,8.685000920095842,0.25,0,154,True,False,True,0,0.10938588,10.938588,Low,0
2025,642,56,6,103244.86,2,1,0,143049.72,0.7217360387979872,0.2857142857142857,0,336,True,False,False,1,0.7793287,77.93287,High,1
2025,626,33,8,0.0,2,1,0,138504.28,0.0,0.2222222222222222,0,264,False,False,True,0,0.06232621,6.232621,Low,0
2025,663,46,3,0.0,2,0,1,176276.1,0.0,0.5,2,138,False,False,True,0,0.11817488,11.817488,Low,0
2025,639,27,2,0.0,1,1,1,82938.99,0.0,0.3333333333333333,1,54,False,True,False,0,0.27113545,27.113544,Low,0
2025,615,41,4,0.0,1,0,1,149278.96,0.0,0.2,1,164,False,True,True,0,0.66476303,66.4763,High,1
2025,832,61,2,0.0,1,0,1,127804.66,0.0,0.3333333333333333,1,122,False,False,True,1,0.7921281,79.21281,High,1
2025,587,55,9,0.0,1,1,0,64593.07,0.0,0.1,0,495,False,False,True,0,0.91201043,91.20104,Very High,1
2025,614,44,6,0.0,2,0,1,104930.46,0.0,0.2857142857142857,2,264,False,False,True,0,0.10657276,10.657276,Low,0
2025,439,66,9,0.0,1,1,0,65535.56,0.0,0.1,0,594,False,False,False,0,0.9569655,95.69655,Very High,1
2025,645,44,10,0.0,2,0,1,166707.22,0.0,0.18181818181818182,2,440,False,False,True,0,0.085753016,8.575301,Low,0
2025,848,40,5,148495.64,1,0,0,158853.98,0.9347874394620804,0.16666666666666666,0,200,True,False,False,0,0.7415347,74.15347,High,1
2025,712,34,1,0.0,2,1,1,195052.12,0.0,1.0,2,34,False,False,True,0,0.04535631,4.535631,Low,0
2025,503,38,1,0.0,2,1,1,95153.24,0.0,1.0,2,38,False,False,True,0,0.09986731,9.986731,Low,0
2025,655,78,2,0.0,2,0,1,188435.38,0.0,0.6666666666666666,2,156,False,True,False,0,0.2668921,26.68921,Low,0
2025,720,33,2,0.0,2,0,1,141031.08,0.0,0.6666666666666666,2,66,False,False,True,0,0.0467168,4.67168,Low,0
2025,538,42,1,98548.62,2,0,1,94047.75,1.0478461436223234,1.0,2,42,True,False,False,0,0.36502,36.502,Medium,0
2025,715,34,4,124314.45,1,0,0,97782.92,1.2713179222105229,0.2,0,136,False,False,True,0,0.36161467,36.16147,Medium,0
2025,779,48,2,115290.27,1,0,0,98912.69,1.1655643420036195,0.3333333333333333,0,96,False,False,False,1,0.7770304,77.70304,High,1
2025,570,34,10,0.0,2,0,1,183387.12,0.0,0.18181818181818182,2,340,False,True,True,0,0.023022385,2.3022385,Low,0
2025,598,48,6,120682.53,1,1,0,30635.52,3.939172268913049,0.14285714285714285,0,288,False,False,True,1,0.7569141,75.69141,High,1
2025,850,34,2,0.0,2,0,0,51919.04,0.0,0.6666666666666666,0,68,False,False,False,0,0.10583818,10.583818,Low,0
2025,717,22,6,101060.25,1,0,1,84699.56,1.1931473652594504,0.14285714285714285,1,132,False,True,False,0,0.12734947,12.734946,Low,0
2025,611,53,7,0.0,2,0,1,156495.39,0.0,0.25,2,371,False,False,False,1,0.34056738,34.05674,Medium,0
2025,731,29,10,0.0,2,1,1,162452.65,0.0,0.18181818181818182,2,290,False,False,True,0,0.018655287,1.8655287,Low,0
2025,756,67,4,0.0,3,1,1,93081.87,0.0,0.6,3,268,False,False,True,0,0.75592595,75.5926,High,1
2025,605,31,1,117992.59,1,1,1,183598.77,0.6426619706549741,0.5,1,31,True,False,False,0,0.53031194,53.031193,Medium,1
2025,735,28,5,160454.15,2,0,1,114957.22,1.3957605641423465,0.3333333333333333,2,140,True,False,True,0,0.06700356,6.7003565,Low,0
2025,810,35,3,96814.46,2,1,1,120511.03,0.8033592994823837,0.5,2,105,True,False,True,0,0.10528319,10.528319,Low,0
2025,727,21,8,153344.72,1,1,1,163295.87,0.9390548636970201,0.1111111111111111,1,168,True,False,True,0,0.34913167,34.913166,Medium,0
2025,757,71,0,88084.13,2,1,1,154337.47,0.5707205079848207,2.0,2,0,False,False,False,0,0.29430208,29.430208,Low,0
2025,741,35,1,0.0,2,1,0,36557.55,0.0,1.0,0,35,False,False,False,0,0.1642886,16.42886,Low,0
2025,657,75,7,126273.95,1,0,1,91673.6,1.3774147910108143,0.125,1,525,False,True,True,0,0.38355568,38.355568,Medium,0
2025,758,40,5,93499.82,2,0,0,123218.81,0.7588050979789696,0.3333333333333333,0,200,False,True,False,0,0.41120505,41.120506,Medium,0
2025,714,29,9,0.0,2,1,0,129192.55,0.0,0.2,0,261,False,True,True,0,0.035540704,3.5540705,Low,0
2025,550,31,5,142200.19,2,1,1,122221.71,1.1634514567710044,0.3333333333333333,2,155,False,False,True,0,0.115445584,11.544559,Low,0
2025,778,29,6,150358.97,1,1,0,62454.01,2.407476517896643,0.14285714285714285,0,174,True,False,False,1,0.64094156,64.094154,High,1
2025,788,49,4,137455.99,1,1,0,184178.29,0.7463162117738644,0.2,0,196,True,False,False,1,0.91570103,91.57011,Very High,1
2025,618,35,10,0.0,2,1,0,180439.75,0.0,0.18181818181818182,0,350,False,False,False,0,0.17659916,17.659916,Low,0
2025,462,39,4,140133.08,2,0,0,131304.45,1.0672297303729585,0.4,0,156,False,False,True,0,0.26574352,26.574352,Low,0
2025,465,33,8,0.0,2,1,0,177668.55,0.0,0.2222222222222222,0,264,False,False,True,0,0.094584405,9.458441,Low,0
2025,728,42,8,0.0,2,0,1,41823.22,0.0,0.2222222222222222,2,336,False,True,True,0,0.037982162,3.798216,Low,0
2025,794,57,3,117056.46,1,1,0,93336.93,1.2541145919992014,0.25,0,171,True,False,True,1,0.9597703,95.977036,Very High,1
2025,730,34,1,0.0,2,1,1,126592.01,0.0,1.0,2,34,False,False,True,0,0.055883612,5.5883613,Low,0
2025,633,38,2,91902.56,2,1,1,107673.35,0.8535232392858652,0.6666666666666666,2,76,False,False,True,0,0.14949822,14.949822,Low,0
2025,850,36,1,104077.19,2,0,1,68594.0,1.5172707923318027,1.0,2,36,False,False,True,0,0.1379264,13.79264,Low,0
2025,704,47,5,0.0,2,1,1,145338.61,0.0,0.3333333333333333,2,235,False,False,True,0,0.09038106,9.038106,Low,0
2025,698,27,1,94920.71,1,1,1,40339.9,2.3529646091187852,0.5,1,27,False,False,False,0,0.16395804,16.395803,Low,0
2025,635,37,9,146748.07,1,0,1,11407.58,12.862956651923378,0.1,1,333,True,False,False,0,0.68622047,68.62205,High,1
2025,674,22,3,0.0,1,1,1,173940.59,0.0,0.25,1,66,False,False,True,0,0.1248898,12.48898,Low,0
2025,573,50,0,159304.07,1,0,1,155915.24,1.0217285255211388,1.0,1,0,False,True,True,1,0.47133642,47.133644,Medium,0
2025,799,63,1,110314.21,2,1,0,37464.0,2.944460429734419,1.0,0,63,False,False,False,1,0.68296933,68.296936,High,1
2025,548,46,1,0.0,1,1,1,104469.06,0.0,0.5,1,46,False,False,False,1,0.7671225,76.71225,High,1
2025,673,37,10,0.0,2,1,1,37411.35,0.0,0.18181818181818182,2,370,False,False,False,0,0.10454828,10.454828,Low,0
2025,660,28,2,170890.05,2,1,0,41758.9,4.092204483248283,0.6666666666666666,0,56,True,False,True,0,0.18828201,18.828201,Low,0
2025,558,36,0,126606.63,2,1,1,172363.52,0.7345283704558224,2.0,2,0,True,False,False,0,0.26306954,26.306953,Low,0
2025,724,32,6,0.0,2,1,1,150026.79,0.0,0.2857142857142857,2,192,False,False,False,0,0.08242916,8.242916,Low,0
2025,689,29,1,77556.79,2,1,1,122998.26,0.6305468016636848,1.0,2,29,False,False,False,0,0.13475664,13.475664,Low,0
2025,620,70,3,87926.24,2,1,0,33350.26,2.636369360557892,0.5,0,210,False,False,False,1,0.6518058,65.18058,High,1
2025,664,54,8,0.0,1,1,1,162719.69,0.0,0.1111111111111111,1,432,False,False,True,1,0.61173487,61.173485,High,1
2025,702,32,8,71667.74,1,1,1,126082.18,0.5684163422908591,0.1111111111111111,1,256,False,True,True,0,0.17320989,17.32099,Low,0
2025,750,36,8,112940.07,1,0,1,9855.81,11.458075178480666,0.1111111111111111,1,288,False,True,False,0,0.18924011,18.924011,Low,0
2025,682,32,2,105163.88,2,1,1,164170.46,0.6405734589922025,0.6666666666666666,2,64,True,False,True,0,0.06696049,6.696049,Low,0
2025,610,42,6,0.0,2,1,0,158302.59,0.0,0.2857142857142857,0,252,False,True,True,1,0.089664094,8.96641,Low,0
2025,443,44,2,0.0,1,1,0,159165.7,0.0,0.3333333333333333,0,88,False,False,True,0,0.80986226,80.98623,Very High,1
2025,686,47,5,113328.93,1,1,0,124170.9,0.9126777475419157,0.16666666666666666,0,235,False,False,False,0,0.78537273,78.53728,High,1
2025,850,28,1,105245.34,1,0,1,74780.13,1.4073783051954416,0.5,1,28,False,False,False,0,0.11389581,11.389581,Low,0
2025,438,38,2,0.0,2,1,0,136859.55,0.0,0.6666666666666666,0,76,False,False,True,0,0.11949422,11.949422,Low,0
2025,682,48,7,0.0,2,1,0,65069.03,0.0,0.25,0,336,False,False,False,0,0.36631575,36.631577,Medium,0
2025,568,43,5,87612.64,4,1,1,107155.4,0.8176146268445003,0.6666666666666666,4,215,True,False,True,1,0.99980325,99.98032,Very High,1
2025,703,45,1,0.0,1,1,0,182784.11,0.0,0.5,0,45,False,True,False,1,0.850556,85.0556,Very High,1
2025,709,23,10,0.0,2,0,0,129590.18,0.0,0.18181818181818182,0,230,False,True,True,0,0.019231476,1.9231476,Low,0
2025,553,38,3,99844.68,1,0,0,187915.7,0.5313241452196638,0.25,0,114,False,False,True,0,0.4977821,49.77821,Medium,0
2025,791,28,4,0.0,1,1,0,174435.48,0.0,0.2,0,112,False,False,True,0,0.39111558,39.111557,Medium,0
2025,416,35,8,0.0,1,0,0,119712.78,0.0,0.1111111111111111,0,280,False,True,True,0,0.64740247,64.74025,High,1
2025,614,43,8,140733.74,1,1,1,166588.76,0.8447922609408884,0.1111111111111111,1,344,True,False,True,0,0.6710081,67.100815,High,1
2025,716,42,8,0.0,2,1,0,180800.42,0.0,0.2222222222222222,0,336,False,True,True,0,0.07058989,7.058989,Low,0
2025,547,44,5,0.0,3,0,0,5459.07,0.0,0.5,0,220,False,True,False,1,0.95388985,95.388985,Very High,1
2025,846,41,5,0.0,3,1,0,3440.47,0.0,0.5,0,205,False,False,False,1,0.8997655,89.97655,Very High,1
2025,631,33,4,123246.7,1,0,0,112687.57,1.0936929983227224,0.2,0,132,True,False,False,0,0.6453028,64.53027,High,1
2025,515,33,2,0.0,2,1,1,136028.97,0.0,0.6666666666666666,2,66,False,False,True,0,0.062005628,6.200563,Low,0
2025,607,40,5,90594.55,1,0,1,181598.25,0.49887072771500984,0.16666666666666666,1,200,True,False,True,0,0.67619336,67.61934,High,1
2025,739,19,5,89750.21,1,1,0,193008.52,0.46500405783092985,0.16666666666666666,0,95,False,True,True,0,0.27408773,27.408773,Low,0
2025,680,36,7,0.0,2,1,0,20109.21,0.0,0.25,0,252,False,True,True,0,0.07355918,7.355918,Low,0
2025,747,37,9,135776.36,3,1,0,85470.45,1.5885580506707209,0.3,0,333,True,False,True,1,0.9637461,96.3746,Very High,1
2025,850,42,8,119839.69,1,0,1,51016.02,2.3490139173162214,0.1111111111111111,1,336,True,False,True,1,0.75238734,75.23873,High,1
2025,640,62,3,0.0,1,1,1,101663.47,0.0,0.25,1,186,False,True,True,0,0.6442368,64.42368,High,1
2025,563,34,6,139810.34,1,1,1,152417.79,0.9172775876255151,0.14285714285714285,1,204,False,False,False,0,0.43523163,43.523163,Medium,0
2025,731,33,5,137388.01,2,1,0,165000.68,0.832646128209119,0.3333333333333333,0,165,False,True,False,0,0.22363445,22.363445,Low,0
2025,497,32,8,0.0,2,1,0,67364.42,0.0,0.2222222222222222,0,256,False,False,True,0,0.05866337,5.866337,Low,0
2025,674,36,2,154525.7,1,0,1,27468.72,5.6253103417144406,0.3333333333333333,1,72,False,False,True,0,0.19797504,19.797504,Low,0
2025,634,37,3,111432.77,2,1,1,167032.49,0.6671283106160328,0.5,2,111,True,False,True,0,0.09973877,9.973877,Low,0
2025,516,47,9,128298.74,1,0,0,149614.17,0.8575249421566008,0.1,0,423,True,False,False,1,0.9104882,91.04882,Very High,1
2025,689,39,7,0.0,2,0,0,14917.09,0.0,0.25,0,273,False,False,True,0,0.08244146,8.244145,Low,0
2025,750,33,2,152302.72,1,1,0,71333.44,2.135051736580535,0.3333333333333333,0,66,False,False,True,0,0.41357642,41.357643,Medium,0
